game_id,team,week,name,pass_type,x,y
2019102707,arizona-cardinals,8,Kyler Murray,COMPLETE,-6.706945322949013,4.544362780419847
2019102707,arizona-cardinals,8,Kyler Murray,COMPLETE,11.295130271165094,4.530500693350573
2019102707,arizona-cardinals,8,Kyler Murray,COMPLETE,-22.441207394980214,22.186536031355992
2019102707,arizona-cardinals,8,Kyler Murray,COMPLETE,24.639223593289017,16.49677507225504
2019102707,arizona-cardinals,8,Kyler Murray,COMPLETE,-12.747477985466364,29.68945985756127
2019102707,arizona-cardinals,8,Kyler Murray,COMPLETE,2.6252329473460723,-2.233317601079715
2019102707,arizona-cardinals,8,Kyler Murray,COMPLETE,-12.547935068062356,3.1461587860004387
2019102707,arizona-cardinals,8,Kyler Murray,COMPLETE,10.29085505546211,-2.35273831511799
2019102707,arizona-cardinals,8,Kyler Murray,COMPLETE,10.306221156754491,13.264496274700413
2019102707,arizona-cardinals,8,Kyler Murray,COMPLETE,-0.35244232080844684,5.197271631526259
2019102707,arizona-cardinals,8,Kyler Murray,COMPLETE,26.801178824031055,14.470738056158744
2019102707,arizona-cardinals,8,Kyler Murray,COMPLETE,8.760658872854936,5.306360229276908
2019102707,arizona-cardinals,8,Kyler Murray,COMPLETE,10.193515323574985,-7.240298090014256
2019102707,arizona-cardinals,8,Kyler Murray,COMPLETE,-11.025233710931445,3.749028586319674
2019102707,arizona-cardinals,8,Kyler Murray,COMPLETE,10.827423372823299,10.03131182911215
2019102707,arizona-cardinals,8,Kyler Murray,COMPLETE,1.8453550201267477,-4.152873037646774
2019102707,arizona-cardinals,8,Kyler Murray,COMPLETE,3.1385483040805013,-2.235754205063666
2019102707,arizona-cardinals,8,Kyler Murray,COMPLETE,-7.43564359665286,4.523683547493064
2019102707,arizona-cardinals,8,Kyler Murray,COMPLETE,10.76747907712232,4.793338852295782
2019102707,arizona-cardinals,8,Kyler Murray,INCOMPLETE,24.462019782919022,12.919809373710065
2019102707,arizona-cardinals,8,Kyler Murray,INCOMPLETE,-5.995465093603711,-7.111441798941832
2019102707,arizona-cardinals,8,Kyler Murray,INCOMPLETE,-17.19141482188228,4.0315856982523695
2019102707,arizona-cardinals,8,Kyler Murray,INCOMPLETE,6.4738966046446595,2.6395520568962447
2019102707,arizona-cardinals,8,Kyler Murray,INCOMPLETE,23.244194214320263,0.2215988566563287
2019102707,arizona-cardinals,8,Kyler Murray,INCOMPLETE,21.776789991599706,32.55229955229946
2019102707,arizona-cardinals,8,Kyler Murray,INCOMPLETE,-23.470109513291597,13.389124626748355
2019102707,arizona-cardinals,8,Kyler Murray,INCOMPLETE,1.938169721788887,3.749926513815411
2019102707,arizona-cardinals,8,Kyler Murray,INCOMPLETE,-19.070019382593696,-4.232069370958337
2019102707,arizona-cardinals,8,Kyler Murray,INCOMPLETE,24.760135399445875,28.54168311879746
2019102707,arizona-cardinals,8,Kyler Murray,INCOMPLETE,21.56260488740155,-2.691613823929404
2019102707,arizona-cardinals,8,Kyler Murray,INCOMPLETE,26.75816457033278,12.024176954732503
2019102707,arizona-cardinals,8,Kyler Murray,INCOMPLETE,-5.524776950571656,-7.0934074520572965
2019102707,arizona-cardinals,8,Kyler Murray,INCOMPLETE,,
2019102700,atlanta-falcons,8,Matt Schaub,COMPLETE,-7.235514677655219,18.16066003675087
2019102700,atlanta-falcons,8,Matt Schaub,COMPLETE,17.921433550778218,6.106616820902535
2019102700,atlanta-falcons,8,Matt Schaub,COMPLETE,-17.64748876655713,5.199665240004944
2019102700,atlanta-falcons,8,Matt Schaub,COMPLETE,-2.6811574592589666,5.3220319611679185
2019102700,atlanta-falcons,8,Matt Schaub,COMPLETE,6.534850709477725,4.62079890216596
2019102700,atlanta-falcons,8,Matt Schaub,COMPLETE,-12.326977959774991,14.412892767718951
2019102700,atlanta-falcons,8,Matt Schaub,COMPLETE,-17.61982822379391,-6.041617310273943
2019102700,atlanta-falcons,8,Matt Schaub,COMPLETE,21.594429698761793,16.79749401142444
2019102700,atlanta-falcons,8,Matt Schaub,COMPLETE,-23.251201087121263,5.6248073663122256
2019102700,atlanta-falcons,8,Matt Schaub,COMPLETE,-13.970197839630586,2.7839379040777628
2019102700,atlanta-falcons,8,Matt Schaub,COMPLETE,21.22448841648435,3.1276900665566916
2019102700,atlanta-falcons,8,Matt Schaub,COMPLETE,-3.1789287270332536,-4.108904823190461
2019102700,atlanta-falcons,8,Matt Schaub,COMPLETE,2.6948912273092476,-0.8564119675230005
2019102700,atlanta-falcons,8,Matt Schaub,COMPLETE,-6.589470992527953,6.522846100370394
2019102700,atlanta-falcons,8,Matt Schaub,COMPLETE,3.252480970775274,16.87586350894503
2019102700,atlanta-falcons,8,Matt Schaub,COMPLETE,13.979494768132591,1.5712526614945275
2019102700,atlanta-falcons,8,Matt Schaub,COMPLETE,-21.26330466108072,14.38198206133212
2019102700,atlanta-falcons,8,Matt Schaub,COMPLETE,10.644623847330031,4.354034609810219
2019102700,atlanta-falcons,8,Matt Schaub,COMPLETE,-14.273494815808455,-3.0846052318310138
2019102700,atlanta-falcons,8,Matt Schaub,COMPLETE,-19.41453914556592,6.328245828245828
2019102700,atlanta-falcons,8,Matt Schaub,COMPLETE,19.08056281736552,20.102902272019996
2019102700,atlanta-falcons,8,Matt Schaub,COMPLETE,-11.766864910520079,3.9797908311709107
2019102700,atlanta-falcons,8,Matt Schaub,COMPLETE,-9.038748615444694,14.81738315696657
2019102700,atlanta-falcons,8,Matt Schaub,COMPLETE,8.56471311848573,-2.1959387588440005
2019102700,atlanta-falcons,8,Matt Schaub,COMPLETE,-0.32117382051894594,5.256116762766808
2019102700,atlanta-falcons,8,Matt Schaub,COMPLETE,18.34418212943272,0.8825207438183528
2019102700,atlanta-falcons,8,Matt Schaub,COMPLETE,-20.926088337563456,4.477282897680936
2019102700,atlanta-falcons,8,Matt Schaub,COMPLETE,-14.98302030778049,-6.450617283950541
2019102700,atlanta-falcons,8,Matt Schaub,COMPLETE,-13.707677452186342,10.223057410295096
2019102700,atlanta-falcons,8,Matt Schaub,COMPLETE,23.579989521512868,3.804976492095765
2019102700,atlanta-falcons,8,Matt Schaub,COMPLETE,22.69226220264487,13.267432075711023
2019102700,atlanta-falcons,8,Matt Schaub,COMPLETE,-3.6776536343896553,5.851329034111053
2019102700,atlanta-falcons,8,Matt Schaub,COMPLETE,-18.58941043412497,1.5835953275567431
2019102700,atlanta-falcons,8,Matt Schaub,COMPLETE,-20.259869970171035,6.023297606518174
2019102700,atlanta-falcons,8,Matt Schaub,COMPLETE,-12.969446208436665,12.380214637295321
2019102700,atlanta-falcons,8,Matt Schaub,COMPLETE,7.4268723312945495,4.083136522582904
2019102700,atlanta-falcons,8,Matt Schaub,COMPLETE,-18.777881718357637,4.082438447517846
2019102700,atlanta-falcons,8,Matt Schaub,COMPLETE,-19.915937048593157,2.7920084357474657
2019102700,atlanta-falcons,8,Matt Schaub,TOUCHDOWN,6.702649180967239,3.3586860670194003
2019102700,atlanta-falcons,8,Matt Schaub,INTERCEPTION,-1.1285632067769769,11.961121620016268
2019102700,atlanta-falcons,8,Matt Schaub,INCOMPLETE,-15.169172957989815,10.223293020912083
2019102700,atlanta-falcons,8,Matt Schaub,INCOMPLETE,11.280022726834963,8.683454177281357
2019102700,atlanta-falcons,8,Matt Schaub,INCOMPLETE,25.118618469228487,14.097919591116874
2019102700,atlanta-falcons,8,Matt Schaub,INCOMPLETE,3.1710699308706416,18.351131822079864
2019102700,atlanta-falcons,8,Matt Schaub,INCOMPLETE,-23.27431138298171,11.648720566849219
2019102700,atlanta-falcons,8,Matt Schaub,INCOMPLETE,-7.45152687562051,8.226631393298083
2019102700,atlanta-falcons,8,Matt Schaub,INCOMPLETE,-15.267329190894968,20.453042328042358
2019102700,atlanta-falcons,8,Matt Schaub,INCOMPLETE,8.31475870062836,13.452422159587266
2019102700,atlanta-falcons,8,Matt Schaub,INCOMPLETE,10.774157566302623,8.844030365769513
2019102700,atlanta-falcons,8,Matt Schaub,INCOMPLETE,11.83138255774129,8.41904331741732
2019102700,atlanta-falcons,8,Matt Schaub,INCOMPLETE,,
2019102700,atlanta-falcons,8,Matt Schaub,INCOMPLETE,,
2019102701,buffalo-bills,8,Joshua Allen,COMPLETE,-24.01128596996631,9.489986042133348
2019102701,buffalo-bills,8,Joshua Allen,COMPLETE,5.556964167253373,0.16045025147762373
2019102701,buffalo-bills,8,Joshua Allen,COMPLETE,21.354373550617797,15.10355593688923
2019102701,buffalo-bills,8,Joshua Allen,COMPLETE,-6.366106043983632,4.2944871138419725
2019102701,buffalo-bills,8,Joshua Allen,COMPLETE,15.827184918712632,5.978116587765711
2019102701,buffalo-bills,8,Joshua Allen,COMPLETE,-11.792360090387465,-6.903746673938697
2019102701,buffalo-bills,8,Joshua Allen,COMPLETE,-19.031122043260012,0.7876805376806105
2019102701,buffalo-bills,8,Joshua Allen,COMPLETE,1.565493260493282,-4.468093157008624
2019102701,buffalo-bills,8,Joshua Allen,COMPLETE,25.289333441994494,21.8636425456489
2019102701,buffalo-bills,8,Joshua Allen,COMPLETE,-21.688066236374848,13.363546241541963
2019102701,buffalo-bills,8,Joshua Allen,COMPLETE,-1.9106809576086772,5.206719358982731
2019102701,buffalo-bills,8,Joshua Allen,COMPLETE,13.417259486894315,1.1204613907921137
2019102701,buffalo-bills,8,Joshua Allen,COMPLETE,-20.583115798316047,5.7875100857557005
2019102701,buffalo-bills,8,Joshua Allen,COMPLETE,-5.918297248239683,7.751658049503473
2019102701,buffalo-bills,8,Joshua Allen,TOUCHDOWN,10.29102457782523,9.596367461864538
2019102701,buffalo-bills,8,Joshua Allen,TOUCHDOWN,-10.99676877345363,-0.38276371609704857
2019102701,buffalo-bills,8,Joshua Allen,INCOMPLETE,21.119348638165633,7.311619177062607
2019102701,buffalo-bills,8,Joshua Allen,INCOMPLETE,-5.326795393849648,5.046557857292315
2019102701,buffalo-bills,8,Joshua Allen,INCOMPLETE,-21.342193644502558,16.765575098908453
2019102701,buffalo-bills,8,Joshua Allen,INCOMPLETE,10.68081332521594,52.02133608637681
2019102701,buffalo-bills,8,Joshua Allen,INCOMPLETE,-11.510923210261883,-4.463518191913167
2019102701,buffalo-bills,8,Joshua Allen,INCOMPLETE,26.475986777335155,17.873752161778082
2019102701,buffalo-bills,8,Joshua Allen,INCOMPLETE,-2.3552003380135162,8.678424456202231
2019102701,buffalo-bills,8,Joshua Allen,INCOMPLETE,14.191883837258123,3.2264634248761506
2019102701,buffalo-bills,8,Joshua Allen,INCOMPLETE,-5.429185152771959,22.772938443670206
2019102701,buffalo-bills,8,Joshua Allen,INCOMPLETE,21.926961157991634,13.971560846560845
2019102701,buffalo-bills,8,Joshua Allen,INCOMPLETE,1.3062106084243361,8.32022084195998
2019102701,buffalo-bills,8,Joshua Allen,INCOMPLETE,-22.829566302652143,8.91446208112874
2019102701,buffalo-bills,8,Joshua Allen,INCOMPLETE,-7.667525830541467,4.021597710122315
2019102701,buffalo-bills,8,Joshua Allen,INCOMPLETE,23.017248313309018,19.47089947089949
2019102701,buffalo-bills,8,Joshua Allen,INCOMPLETE,-5.790018736043557,6.443960300169445
2019102701,buffalo-bills,8,Joshua Allen,INCOMPLETE,,
2019102701,buffalo-bills,8,Joshua Allen,INCOMPLETE,,
2019102701,buffalo-bills,8,Joshua Allen,INCOMPLETE,,
2019102709,carolina-panthers,8,Kyle Allen,COMPLETE,19.49633758530912,4.581307016167767
2019102709,carolina-panthers,8,Kyle Allen,COMPLETE,-14.74987936702493,-0.06423441186619465
2019102709,carolina-panthers,8,Kyle Allen,COMPLETE,8.663659227498767,5.1830570101858084
2019102709,carolina-panthers,8,Kyle Allen,COMPLETE,-19.08465789923153,10.269539732434431
2019102709,carolina-panthers,8,Kyle Allen,COMPLETE,11.925835355636464,-5.475852206451846
2019102709,carolina-panthers,8,Kyle Allen,COMPLETE,2.47604194278747,-3.080732955373241
2019102709,carolina-panthers,8,Kyle Allen,COMPLETE,14.708209071031257,-1.5975178172447537
2019102709,carolina-panthers,8,Kyle Allen,COMPLETE,22.619179983323864,16.16246161326337
2019102709,carolina-panthers,8,Kyle Allen,COMPLETE,-13.616081247889475,17.595819923998416
2019102709,carolina-panthers,8,Kyle Allen,COMPLETE,2.1833221568157626,7.326076526328449
2019102709,carolina-panthers,8,Kyle Allen,COMPLETE,9.330785019089221,-5.099538698784929
2019102709,carolina-panthers,8,Kyle Allen,COMPLETE,12.261619040840566,4.390196961097096
2019102709,carolina-panthers,8,Kyle Allen,COMPLETE,22.231583752978494,9.355764214919207
2019102709,carolina-panthers,8,Kyle Allen,COMPLETE,-21.63215160933847,9.352359301208471
2019102709,carolina-panthers,8,Kyle Allen,COMPLETE,20.585381978290755,3.199520524487514
2019102709,carolina-panthers,8,Kyle Allen,COMPLETE,18.108491325424648,-1.8340494537361995
2019102709,carolina-panthers,8,Kyle Allen,COMPLETE,8.73367434618646,-1.782566531035409
2019102709,carolina-panthers,8,Kyle Allen,COMPLETE,20.28427917267607,5.433440928199815
2019102709,carolina-panthers,8,Kyle Allen,COMPLETE,14.077917251959805,-0.06158203253635919
2019102709,carolina-panthers,8,Kyle Allen,INTERCEPTION,-11.158337157015696,9.193770100632854
2019102709,carolina-panthers,8,Kyle Allen,INTERCEPTION,13.607114110651418,19.7529330572809
2019102709,carolina-panthers,8,Kyle Allen,INTERCEPTION,-2.8311305401856233,-7.725248372730347
2019102709,carolina-panthers,8,Kyle Allen,INCOMPLETE,-19.542185625453182,29.728991231338632
2019102709,carolina-panthers,8,Kyle Allen,INCOMPLETE,8.36867518510265,2.2318104196410964
2019102709,carolina-panthers,8,Kyle Allen,INCOMPLETE,21.200500736696146,16.63400614017894
2019102709,carolina-panthers,8,Kyle Allen,INCOMPLETE,-10.264146278046235,0.9676517400094327
2019102709,carolina-panthers,8,Kyle Allen,INCOMPLETE,-3.326325153006115,45.264380681047264
2019102709,carolina-panthers,8,Kyle Allen,INCOMPLETE,-26.52713863926457,6.5504248837581995
2019102709,carolina-panthers,8,Kyle Allen,INCOMPLETE,-20.211564723564546,19.799006323396554
2019102709,carolina-panthers,8,Kyle Allen,INCOMPLETE,6.277192087683512,4.053347201495365
2019102709,carolina-panthers,8,Kyle Allen,INCOMPLETE,11.695576833073332,6.841857730746595
2019102709,carolina-panthers,8,Kyle Allen,INCOMPLETE,11.045333419351818,3.0690482820808658
2019102709,carolina-panthers,8,Kyle Allen,INCOMPLETE,-24.177375975038995,11.589065255731926
2019102709,carolina-panthers,8,Kyle Allen,INCOMPLETE,-4.802091946177837,49.02024544385647
2019102709,carolina-panthers,8,Kyle Allen,INCOMPLETE,-10.943498888628103,5.17285511385806
2019102709,carolina-panthers,8,Kyle Allen,INCOMPLETE,-26.831396255850233,40.15873015873016
2019102709,carolina-panthers,8,Kyle Allen,INCOMPLETE,20.846699423882477,17.307558777375046
2019102702,chicago-bears,8,Mitchell Trubisky,COMPLETE,-12.969328870438288,9.233614196960463
2019102702,chicago-bears,8,Mitchell Trubisky,COMPLETE,15.252807907322703,2.176739971308568
2019102702,chicago-bears,8,Mitchell Trubisky,COMPLETE,-3.4788923334394406,-4.4071457504646165
2019102702,chicago-bears,8,Mitchell Trubisky,COMPLETE,6.502772045830764,6.183738707123054
2019102702,chicago-bears,8,Mitchell Trubisky,COMPLETE,21.646716979338898,27.981562055166396
2019102702,chicago-bears,8,Mitchell Trubisky,COMPLETE,21.40517989181089,-0.5029455349966969
2019102702,chicago-bears,8,Mitchell Trubisky,COMPLETE,-1.7947974989109965,15.14408715515745
2019102702,chicago-bears,8,Mitchell Trubisky,COMPLETE,-15.716844318442957,23.921767428535883
2019102702,chicago-bears,8,Mitchell Trubisky,COMPLETE,-13.275779114137695,-6.727334477334244
2019102702,chicago-bears,8,Mitchell Trubisky,COMPLETE,8.699240044338524,18.368560289613143
2019102702,chicago-bears,8,Mitchell Trubisky,COMPLETE,-16.859118951198894,2.546327913559577
2019102702,chicago-bears,8,Mitchell Trubisky,COMPLETE,-10.783118200185072,21.779935163312263
2019102702,chicago-bears,8,Mitchell Trubisky,COMPLETE,-7.981473738949684,-1.806720028942074
2019102702,chicago-bears,8,Mitchell Trubisky,COMPLETE,2.2067744161751204,5.798494671734107
2019102702,chicago-bears,8,Mitchell Trubisky,COMPLETE,8.75057490132494,-2.740363140711074
2019102702,chicago-bears,8,Mitchell Trubisky,COMPLETE,-18.38120527901879,18.82798207849991
2019102702,chicago-bears,8,Mitchell Trubisky,COMPLETE,23.651323896606485,6.175650644345523
2019102702,chicago-bears,8,Mitchell Trubisky,COMPLETE,19.22707704114599,2.339475538400318
2019102702,chicago-bears,8,Mitchell Trubisky,COMPLETE,-11.979178045925632,5.994936046951644
2019102702,chicago-bears,8,Mitchell Trubisky,COMPLETE,-11.672066410934226,13.829733454840706
2019102702,chicago-bears,8,Mitchell Trubisky,COMPLETE,20.854794567580402,-2.8089234117600954
2019102702,chicago-bears,8,Mitchell Trubisky,COMPLETE,18.15807820490829,-0.44116240221929176
2019102702,chicago-bears,8,Mitchell Trubisky,COMPLETE,-4.0374915296171725,-4.436869216604698
2019102702,chicago-bears,8,Mitchell Trubisky,INTERCEPTION,23.188070326202876,22.433712970436137
2019102702,chicago-bears,8,Mitchell Trubisky,INCOMPLETE,25.6403706284174,9.732196366500574
2019102702,chicago-bears,8,Mitchell Trubisky,INCOMPLETE,-8.507738388482927,7.1585599801974
2019102702,chicago-bears,8,Mitchell Trubisky,INCOMPLETE,4.625547531578684,6.946577914319851
2019102702,chicago-bears,8,Mitchell Trubisky,INCOMPLETE,-19.300380952380923,12.693373645754601
2019102702,chicago-bears,8,Mitchell Trubisky,INCOMPLETE,10.123168705695582,37.89025031715095
2019102702,chicago-bears,8,Mitchell Trubisky,INCOMPLETE,20.2805036601464,6.614027947361274
2019102702,chicago-bears,8,Mitchell Trubisky,INCOMPLETE,1.9014932137285459,8.043386243386244
2019102702,chicago-bears,8,Mitchell Trubisky,INCOMPLETE,-8.836689351038649,3.0162201946979272
2019102702,chicago-bears,8,Mitchell Trubisky,INCOMPLETE,4.1489951663640285,6.947552548645447
2019102702,chicago-bears,8,Mitchell Trubisky,INCOMPLETE,19.790338689547628,6.55925925925926
2019102702,chicago-bears,8,Mitchell Trubisky,INCOMPLETE,,
2019102706,cincinnati-bengals,8,Andrew Dalton,COMPLETE,-20.219598503730598,16.567214721430513
2019102706,cincinnati-bengals,8,Andrew Dalton,COMPLETE,10.419952913684469,-0.044419461203093015
2019102706,cincinnati-bengals,8,Andrew Dalton,COMPLETE,-14.480573234646961,-2.246798507339952
2019102706,cincinnati-bengals,8,Andrew Dalton,COMPLETE,-3.536889042473465,8.532470086800172
2019102706,cincinnati-bengals,8,Andrew Dalton,COMPLETE,22.40440054237675,9.2751515051619
2019102706,cincinnati-bengals,8,Andrew Dalton,COMPLETE,21.673061030949032,38.91851895345489
2019102706,cincinnati-bengals,8,Andrew Dalton,COMPLETE,1.559300801150799,3.300909314106394
2019102706,cincinnati-bengals,8,Andrew Dalton,COMPLETE,17.875916707131825,-0.15199084294003126
2019102706,cincinnati-bengals,8,Andrew Dalton,COMPLETE,-12.017235477654488,9.776731680326481
2019102706,cincinnati-bengals,8,Andrew Dalton,COMPLETE,6.725095880853771,12.061235444258244
2019102706,cincinnati-bengals,8,Andrew Dalton,COMPLETE,-8.75099798168171,8.29941143478822
2019102706,cincinnati-bengals,8,Andrew Dalton,COMPLETE,-18.53370832310545,2.5636720998662446
2019102706,cincinnati-bengals,8,Andrew Dalton,COMPLETE,-5.326791814819869,15.845385813659927
2019102706,cincinnati-bengals,8,Andrew Dalton,COMPLETE,0.6873537092021369,-7.746697599346123
2019102706,cincinnati-bengals,8,Andrew Dalton,COMPLETE,-22.013784609687214,22.89146171884977
2019102706,cincinnati-bengals,8,Andrew Dalton,COMPLETE,16.218605335649194,3.896563289930205
2019102706,cincinnati-bengals,8,Andrew Dalton,COMPLETE,-5.688176769928013,3.9310093035842573
2019102706,cincinnati-bengals,8,Andrew Dalton,COMPLETE,18.77642724491354,4.911907960267224
2019102706,cincinnati-bengals,8,Andrew Dalton,COMPLETE,-8.802269833228731,4.667538738879476
2019102706,cincinnati-bengals,8,Andrew Dalton,COMPLETE,-16.576573600640362,1.8450649602481861
2019102706,cincinnati-bengals,8,Andrew Dalton,COMPLETE,-6.881546165634591,14.210390946502136
2019102706,cincinnati-bengals,8,Andrew Dalton,COMPLETE,-13.695528609869099,-5.937549566185013
2019102706,cincinnati-bengals,8,Andrew Dalton,COMPLETE,22.081877863535407,5.9885825675299325
2019102706,cincinnati-bengals,8,Andrew Dalton,COMPLETE,10.23299736465167,2.8863606634279737
2019102706,cincinnati-bengals,8,Andrew Dalton,COMPLETE,1.5793634258323475,-3.8007854264331216
2019102706,cincinnati-bengals,8,Andrew Dalton,COMPLETE,-9.47567249832847,10.846133426915697
2019102706,cincinnati-bengals,8,Andrew Dalton,COMPLETE,0.4007269003938487,3.343678365211505
2019102706,cincinnati-bengals,8,Andrew Dalton,COMPLETE,21.623802214527576,9.128733456646765
2019102706,cincinnati-bengals,8,Andrew Dalton,COMPLETE,-17.91623577106353,0.6391558387023353
2019102706,cincinnati-bengals,8,Andrew Dalton,COMPLETE,16.753184557368233,4.591874153401756
2019102706,cincinnati-bengals,8,Andrew Dalton,COMPLETE,-11.498674596983951,9.764086383010019
2019102706,cincinnati-bengals,8,Andrew Dalton,TOUCHDOWN,11.577958834482413,1.7616771917847156
2019102706,cincinnati-bengals,8,Andrew Dalton,INCOMPLETE,-21.650985162810773,9.221359150437172
2019102706,cincinnati-bengals,8,Andrew Dalton,INCOMPLETE,13.216316755700577,11.154223006074862
2019102706,cincinnati-bengals,8,Andrew Dalton,INCOMPLETE,-5.398158907664702,8.996686940612177
2019102706,cincinnati-bengals,8,Andrew Dalton,INCOMPLETE,26.18030079405441,18.58183223351763
2019102706,cincinnati-bengals,8,Andrew Dalton,INCOMPLETE,-27.485014425234603,29.039404701505163
2019102706,cincinnati-bengals,8,Andrew Dalton,INCOMPLETE,-6.676649765990635,48.942008902326364
2019102706,cincinnati-bengals,8,Andrew Dalton,INCOMPLETE,-9.729558849020625,2.5205061448447696
2019102706,cincinnati-bengals,8,Andrew Dalton,INCOMPLETE,10.345047221888976,-2.8369285035951646
2019102706,cincinnati-bengals,8,Andrew Dalton,INCOMPLETE,13.230337592915413,28.887981118373283
2019102706,cincinnati-bengals,8,Andrew Dalton,INCOMPLETE,-26.55200794788554,20.84358167691502
2019102706,cincinnati-bengals,8,Andrew Dalton,INCOMPLETE,-13.309421067253648,2.553936846174288
2019102706,cincinnati-bengals,8,Andrew Dalton,INCOMPLETE,-23.07148085923443,18.278303486636826
2019102706,cincinnati-bengals,8,Andrew Dalton,INCOMPLETE,-10.433978304926585,9.721933771778014
2019102706,cincinnati-bengals,8,Andrew Dalton,INCOMPLETE,-23.42745830378676,10.804232804232809
2019102706,cincinnati-bengals,8,Andrew Dalton,INCOMPLETE,-21.549363848503578,6.955597053636273
2019102706,cincinnati-bengals,8,Andrew Dalton,INCOMPLETE,-25.812989541803955,23.449278202364624
2019102706,cincinnati-bengals,8,Andrew Dalton,INCOMPLETE,-12.840799063962564,2.5860670194003608
2019102706,cincinnati-bengals,8,Andrew Dalton,INCOMPLETE,-22.106729686136628,9.155980031686251
2019102706,cincinnati-bengals,8,Andrew Dalton,INCOMPLETE,,
2019102706,cincinnati-bengals,8,Andrew Dalton,INCOMPLETE,,
2019102711,cleveland-browns,8,Baker Mayfield,COMPLETE,13.665578863204376,4.958866131164834
2019102711,cleveland-browns,8,Baker Mayfield,COMPLETE,-10.292444694179709,-3.1105565555738117
2019102711,cleveland-browns,8,Baker Mayfield,COMPLETE,-3.1667926247762357,9.351256017922626
2019102711,cleveland-browns,8,Baker Mayfield,COMPLETE,24.74198631010349,11.967143510353317
2019102711,cleveland-browns,8,Baker Mayfield,COMPLETE,-19.77657588621165,-0.6798449788435964
2019102711,cleveland-browns,8,Baker Mayfield,COMPLETE,16.139050182007054,28.76305876717439
2019102711,cleveland-browns,8,Baker Mayfield,COMPLETE,7.881521623751389,7.42638502518227
2019102711,cleveland-browns,8,Baker Mayfield,COMPLETE,-14.410069420718997,4.687693410208799
2019102711,cleveland-browns,8,Baker Mayfield,COMPLETE,-3.5227066164999754,-4.3290175329391785
2019102711,cleveland-browns,8,Baker Mayfield,COMPLETE,19.245729906973814,1.89179100995678
2019102711,cleveland-browns,8,Baker Mayfield,COMPLETE,12.75510289123665,18.85116598079552
2019102711,cleveland-browns,8,Baker Mayfield,COMPLETE,-8.567713575718772,6.307582876709272
2019102711,cleveland-browns,8,Baker Mayfield,COMPLETE,9.728030567996734,-1.1298619407939046
2019102711,cleveland-browns,8,Baker Mayfield,COMPLETE,-16.4231795254645,-0.7531166973227552
2019102711,cleveland-browns,8,Baker Mayfield,COMPLETE,-5.816865030723791,-6.062362775798236
2019102711,cleveland-browns,8,Baker Mayfield,COMPLETE,-12.341201412051433,-4.124168283169668
2019102711,cleveland-browns,8,Baker Mayfield,COMPLETE,-5.767520659628,7.090574612422308
2019102711,cleveland-browns,8,Baker Mayfield,COMPLETE,6.93455851051853,2.5973080363644114
2019102711,cleveland-browns,8,Baker Mayfield,COMPLETE,-13.574291297122615,5.265357967156361
2019102711,cleveland-browns,8,Baker Mayfield,TOUCHDOWN,-19.93648304666364,21.01131873283772
2019102711,cleveland-browns,8,Baker Mayfield,INTERCEPTION,0.9351557386833738,-4.0909662017841475
2019102711,cleveland-browns,8,Baker Mayfield,INCOMPLETE,-11.337943254315537,5.413171592033442
2019102711,cleveland-browns,8,Baker Mayfield,INCOMPLETE,22.91049539072472,11.696649029982352
2019102711,cleveland-browns,8,Baker Mayfield,INCOMPLETE,6.964029966198652,5.865373309817807
2019102711,cleveland-browns,8,Baker Mayfield,INCOMPLETE,-20.477882075997325,18.104686318972014
2019102711,cleveland-browns,8,Baker Mayfield,INCOMPLETE,0.129027605172009,8.788524198128709
2019102711,cleveland-browns,8,Baker Mayfield,INCOMPLETE,26.569649336535257,15.641261914670142
2019102711,cleveland-browns,8,Baker Mayfield,INCOMPLETE,19.730698373880905,17.8920190031301
2019102711,cleveland-browns,8,Baker Mayfield,INCOMPLETE,-21.4616015908242,27.183719601560043
2019102711,cleveland-browns,8,Baker Mayfield,INCOMPLETE,25.27798463445387,21.283249981880115
2019102711,cleveland-browns,8,Baker Mayfield,INCOMPLETE,,
2019102710,denver-broncos,8,Joseph Flacco,COMPLETE,7.128837332665309,-4.61896352946131
2019102710,denver-broncos,8,Joseph Flacco,COMPLETE,-12.043991766969777,-4.45613357535506
2019102710,denver-broncos,8,Joseph Flacco,COMPLETE,19.607685783621733,0.32808665304250695
2019102710,denver-broncos,8,Joseph Flacco,COMPLETE,-1.6511708463338814,1.763007054673684
2019102710,denver-broncos,8,Joseph Flacco,COMPLETE,-23.72222031504241,20.758377425044017
2019102710,denver-broncos,8,Joseph Flacco,COMPLETE,7.128246384092754,12.599985283601027
2019102710,denver-broncos,8,Joseph Flacco,COMPLETE,-7.505554502584516,9.167709037072637
2019102710,denver-broncos,8,Joseph Flacco,COMPLETE,20.72526321541278,16.431699786455493
2019102710,denver-broncos,8,Joseph Flacco,COMPLETE,-13.275066116463572,10.763783644855593
2019102710,denver-broncos,8,Joseph Flacco,COMPLETE,-5.448839030287464,-3.4523696757286615
2019102710,denver-broncos,8,Joseph Flacco,COMPLETE,14.915106455549894,-0.03167769772940472
2019102710,denver-broncos,8,Joseph Flacco,COMPLETE,10.065892983771453,2.9376417233560077
2019102710,denver-broncos,8,Joseph Flacco,COMPLETE,3.835467794941273,-0.7379819970895289
2019102710,denver-broncos,8,Joseph Flacco,COMPLETE,-2.508817205373669,9.102784431002599
2019102710,denver-broncos,8,Joseph Flacco,COMPLETE,-8.530566957918738,-4.023996440554813
2019102710,denver-broncos,8,Joseph Flacco,COMPLETE,9.739444109151384,-4.671661581637331
2019102710,denver-broncos,8,Joseph Flacco,COMPLETE,-12.747088285030479,-4.0409160499116235
2019102710,denver-broncos,8,Joseph Flacco,COMPLETE,-12.29545163693323,-0.6656376467697873
2019102710,denver-broncos,8,Joseph Flacco,COMPLETE,6.645490934034343,10.991771834832718
2019102710,denver-broncos,8,Joseph Flacco,COMPLETE,15.504324193632117,-0.21762757310117523
2019102710,denver-broncos,8,Joseph Flacco,INCOMPLETE,25.002122634470638,-0.9227819952457661
2019102710,denver-broncos,8,Joseph Flacco,INCOMPLETE,-9.062458377023564,2.861552028218739
2019102710,denver-broncos,8,Joseph Flacco,INCOMPLETE,8.77612905536631,14.126624194651425
2019102710,denver-broncos,8,Joseph Flacco,INCOMPLETE,27.446369084763425,16.503233392122326
2019102710,denver-broncos,8,Joseph Flacco,INCOMPLETE,-2.2913344882632174,21.891944546983357
2019102710,denver-broncos,8,Joseph Flacco,INCOMPLETE,2.682323957664223,12.895528581803086
2019102710,denver-broncos,8,Joseph Flacco,INCOMPLETE,11.879000502392982,4.972573461274062
2019102710,denver-broncos,8,Joseph Flacco,INCOMPLETE,23.113339376818356,9.542876209542877
2019102710,denver-broncos,8,Joseph Flacco,INCOMPLETE,26.071267905261703,13.804624730550671
2019102710,denver-broncos,8,Joseph Flacco,INCOMPLETE,,
2019102710,denver-broncos,8,Joseph Flacco,INCOMPLETE,,
2019102710,denver-broncos,8,Joseph Flacco,INCOMPLETE,,
2019102703,detroit-lions,8,John Stafford,COMPLETE,3.131198166662576,10.515823250962413
2019102703,detroit-lions,8,John Stafford,COMPLETE,-15.777345774933613,6.061782786410942
2019102703,detroit-lions,8,John Stafford,COMPLETE,14.821223057928737,0.13490311503552294
2019102703,detroit-lions,8,John Stafford,COMPLETE,-4.391581996443878,6.772128212195983
2019102703,detroit-lions,8,John Stafford,COMPLETE,10.074042268536541,15.340271579065403
2019102703,detroit-lions,8,John Stafford,COMPLETE,-7.509365742473964,19.91986157028813
2019102703,detroit-lions,8,John Stafford,COMPLETE,21.571155997963825,3.345403000575381
2019102703,detroit-lions,8,John Stafford,COMPLETE,-1.88911749219967,2.4446869488535814
2019102703,detroit-lions,8,John Stafford,COMPLETE,-9.208081465011361,13.442119402170906
2019102703,detroit-lions,8,John Stafford,COMPLETE,10.133448365070237,5.542261572412316
2019102703,detroit-lions,8,John Stafford,COMPLETE,1.0676448136995316,4.2089742012222375
2019102703,detroit-lions,8,John Stafford,COMPLETE,-10.898796986772211,5.57361587702925
2019102703,detroit-lions,8,John Stafford,COMPLETE,-19.06162168590628,1.4198939920200024
2019102703,detroit-lions,8,John Stafford,COMPLETE,-3.115290871271285,-4.049500293944584
2019102703,detroit-lions,8,John Stafford,COMPLETE,12.223749883501652,3.7582514487276004
2019102703,detroit-lions,8,John Stafford,COMPLETE,12.173323972272692,12.659497982716939
2019102703,detroit-lions,8,John Stafford,COMPLETE,-1.9744025743893852,9.661826832369433
2019102703,detroit-lions,8,John Stafford,COMPLETE,13.292522404928269,-2.2829312927879206
2019102703,detroit-lions,8,John Stafford,COMPLETE,14.042939900260752,5.493336618821716
2019102703,detroit-lions,8,John Stafford,COMPLETE,9.31060240003376,17.69522988151721
2019102703,detroit-lions,8,John Stafford,COMPLETE,1.7923939899873729,4.511868305420016
2019102703,detroit-lions,8,John Stafford,COMPLETE,9.609180853087745,5.555361982191238
2019102703,detroit-lions,8,John Stafford,TOUCHDOWN,-16.47322932917317,38.680539103424685
2019102703,detroit-lions,8,John Stafford,TOUCHDOWN,-23.44661908476339,10.06069958847738
2019102703,detroit-lions,8,John Stafford,TOUCHDOWN,-20.25874414976599,44.523809523809526
2019102703,detroit-lions,8,John Stafford,INTERCEPTION,14.723538969937175,33.983060441393775
2019102703,detroit-lions,8,John Stafford,INCOMPLETE,24.971171446857856,21.7880884547551
2019102703,detroit-lions,8,John Stafford,INCOMPLETE,-24.284559946227652,14.237588652482279
2019102703,detroit-lions,8,John Stafford,INCOMPLETE,4.361692900551825,-1.736621127168321
2019102703,detroit-lions,8,John Stafford,INCOMPLETE,-18.625460900936055,30.718033509700174
2019102703,detroit-lions,8,John Stafford,INCOMPLETE,-26.66968721847467,25.89127356732987
2019102703,detroit-lions,8,John Stafford,INCOMPLETE,,
2019102712,green-bay-packers,8,Aaron Rodgers,COMPLETE,12.48546865289266,3.574869875682886
2019102712,green-bay-packers,8,Aaron Rodgers,COMPLETE,-16.214688910136832,2.8778493675446715
2019102712,green-bay-packers,8,Aaron Rodgers,COMPLETE,-27.340464801092047,11.784501763668333
2019102712,green-bay-packers,8,Aaron Rodgers,COMPLETE,20.608711610126843,3.149956735747587
2019102712,green-bay-packers,8,Aaron Rodgers,COMPLETE,19.215283365141953,32.747573836829694
2019102712,green-bay-packers,8,Aaron Rodgers,COMPLETE,-10.861457010392916,-1.1463844797179175
2019102712,green-bay-packers,8,Aaron Rodgers,COMPLETE,-22.360757457570784,29.501876724099297
2019102712,green-bay-packers,8,Aaron Rodgers,COMPLETE,9.410742742408305,-2.0691143398375504
2019102712,green-bay-packers,8,Aaron Rodgers,COMPLETE,-20.58686016538677,4.921096010420646
2019102712,green-bay-packers,8,Aaron Rodgers,COMPLETE,-23.55387941635288,13.153312353747985
2019102712,green-bay-packers,8,Aaron Rodgers,COMPLETE,19.202035253935154,10.337170621824018
2019102712,green-bay-packers,8,Aaron Rodgers,COMPLETE,-12.812722062358908,5.3660002185076
2019102712,green-bay-packers,8,Aaron Rodgers,COMPLETE,-18.22119220140684,0.0471647693869036
2019102712,green-bay-packers,8,Aaron Rodgers,COMPLETE,-16.736671150338292,-0.03493651515488863
2019102712,green-bay-packers,8,Aaron Rodgers,COMPLETE,-8.760131933554836,-2.2541065364545045
2019102712,green-bay-packers,8,Aaron Rodgers,COMPLETE,8.58919276533926,2.30069268716606
2019102712,green-bay-packers,8,Aaron Rodgers,COMPLETE,19.53725524594131,4.297855481430382
2019102712,green-bay-packers,8,Aaron Rodgers,COMPLETE,10.530691858183005,-1.7674050159926864
2019102712,green-bay-packers,8,Aaron Rodgers,COMPLETE,19.88654199852229,0.7460201429498857
2019102712,green-bay-packers,8,Aaron Rodgers,COMPLETE,11.843117650056126,3.222932626768802
2019102712,green-bay-packers,8,Aaron Rodgers,TOUCHDOWN,-12.051424600645987,-2.925081352311392
2019102712,green-bay-packers,8,Aaron Rodgers,TOUCHDOWN,24.99383760350415,12.473121014787697
2019102712,green-bay-packers,8,Aaron Rodgers,TOUCHDOWN,-0.11519740789630895,-4.344559761226418
2019102712,green-bay-packers,8,Aaron Rodgers,INCOMPLETE,-26.46094564414151,9.877842755035749
2019102712,green-bay-packers,8,Aaron Rodgers,INCOMPLETE,21.284161076443013,14.213668430335106
2019102712,green-bay-packers,8,Aaron Rodgers,INCOMPLETE,-11.882310409083045,12.937161147037692
2019102712,green-bay-packers,8,Aaron Rodgers,INCOMPLETE,0.40911775079699586,9.725481174756547
2019102712,green-bay-packers,8,Aaron Rodgers,INCOMPLETE,13.884975187579002,16.473670949861436
2019102712,green-bay-packers,8,Aaron Rodgers,INCOMPLETE,-25.46603519757221,29.73037616873229
2019102712,green-bay-packers,8,Aaron Rodgers,INCOMPLETE,-24.194940024267687,-3.5639166503363726
2019102712,green-bay-packers,8,Aaron Rodgers,INCOMPLETE,23.34361187876093,29.178130511463788
2019102712,green-bay-packers,8,Aaron Rodgers,INCOMPLETE,,
2019102712,green-bay-packers,8,Aaron Rodgers,INCOMPLETE,,
2019102704,houston-texans,8,Derrick Watson,COMPLETE,-3.1159793140009118,3.4649829081560206
2019102704,houston-texans,8,Derrick Watson,COMPLETE,8.689712690102748,5.5282673851181166
2019102704,houston-texans,8,Derrick Watson,COMPLETE,-12.35447589431734,3.8251982353859058
2019102704,houston-texans,8,Derrick Watson,COMPLETE,20.765071853454984,23.460158161233498
2019102704,houston-texans,8,Derrick Watson,COMPLETE,16.00289237143258,4.952839105844587
2019102704,houston-texans,8,Derrick Watson,COMPLETE,-24.253774882587667,8.036963358982524
2019102704,houston-texans,8,Derrick Watson,COMPLETE,-6.174591154999559,12.378623226192236
2019102704,houston-texans,8,Derrick Watson,COMPLETE,-7.555600368444537,5.894605208716176
2019102704,houston-texans,8,Derrick Watson,COMPLETE,10.686403608686717,-2.531151627196757
2019102704,houston-texans,8,Derrick Watson,COMPLETE,-0.7814796918725153,18.00810692725965
2019102704,houston-texans,8,Derrick Watson,COMPLETE,4.674852385004524,5.604423868312766
2019102704,houston-texans,8,Derrick Watson,COMPLETE,19.35359308836656,6.600450365331332
2019102704,houston-texans,8,Derrick Watson,COMPLETE,-13.932946704158581,-3.751647512848148
2019102704,houston-texans,8,Derrick Watson,COMPLETE,13.80438090743961,11.11612388448544
2019102704,houston-texans,8,Derrick Watson,COMPLETE,0.3666818824752985,11.697766019988235
2019102704,houston-texans,8,Derrick Watson,COMPLETE,-9.725746398407647,-0.14597092987896934
2019102704,houston-texans,8,Derrick Watson,COMPLETE,-21.297715670774252,3.8532485825550764
2019102704,houston-texans,8,Derrick Watson,COMPLETE,13.787615972842705,5.6313997191829
2019102704,houston-texans,8,Derrick Watson,COMPLETE,-5.964819549405234,3.8112874779541412
2019102704,houston-texans,8,Derrick Watson,COMPLETE,-0.9793179897080225,3.9833143801397854
2019102704,houston-texans,8,Derrick Watson,COMPLETE,9.742435611784812,0.9050543145408164
2019102704,houston-texans,8,Derrick Watson,COMPLETE,6.643312811201087,5.36775711639101
2019102704,houston-texans,8,Derrick Watson,COMPLETE,-6.46330450382369,7.479359325867083
2019102704,houston-texans,8,Derrick Watson,COMPLETE,-4.140900893987196,3.9251724449388474
2019102704,houston-texans,8,Derrick Watson,TOUCHDOWN,24.675552873466277,8.71180704514038
2019102704,houston-texans,8,Derrick Watson,TOUCHDOWN,12.137104675853692,10.507177150695671
2019102704,houston-texans,8,Derrick Watson,TOUCHDOWN,15.645705092489415,8.648169144200892
2019102704,houston-texans,8,Derrick Watson,INCOMPLETE,-17.699902527301052,3.3593650793650633
2019102704,houston-texans,8,Derrick Watson,INCOMPLETE,12.808936780908773,1.7551256613756394
2019102704,houston-texans,8,Derrick Watson,INCOMPLETE,-6.223888525183846,5.9223041068279185
2019102704,houston-texans,8,Derrick Watson,INCOMPLETE,-1.6545881215530296,30.44215912760523
2019102704,houston-texans,8,Derrick Watson,INCOMPLETE,20.855113923884726,3.705630400308252
2019102704,houston-texans,8,Derrick Watson,INCOMPLETE,15.764256034757558,20.248335893497195
2019102704,houston-texans,8,Derrick Watson,INCOMPLETE,-13.08168211434336,4.939753679249467
2019102704,houston-texans,8,Derrick Watson,INCOMPLETE,9.951939332675384,3.3297340100061006
2019102704,houston-texans,8,Derrick Watson,INCOMPLETE,-7.422312987519475,16.696428571428555
2019102704,houston-texans,8,Derrick Watson,INCOMPLETE,-8.97582342817519,1.4003667310545411
2019102704,houston-texans,8,Derrick Watson,INCOMPLETE,-19.010772230889195,3.289241622574931
2019102704,houston-texans,8,Derrick Watson,INCOMPLETE,,
2019102710,indianapolis-colts,8,Jacoby Brissett,COMPLETE,12.45627884559156,14.434964993207618
2019102710,indianapolis-colts,8,Jacoby Brissett,COMPLETE,-9.129365333621337,4.039629583580823
2019102710,indianapolis-colts,8,Jacoby Brissett,COMPLETE,22.696095491500138,15.967165312096565
2019102710,indianapolis-colts,8,Jacoby Brissett,COMPLETE,5.999164250873806,2.536166365280264
2019102710,indianapolis-colts,8,Jacoby Brissett,COMPLETE,18.49009520513264,0.9191398904422959
2019102710,indianapolis-colts,8,Jacoby Brissett,COMPLETE,26.39516936143821,34.63001880420843
2019102710,indianapolis-colts,8,Jacoby Brissett,COMPLETE,-16.513346782638767,0.6643956415645725
2019102710,indianapolis-colts,8,Jacoby Brissett,COMPLETE,-0.06201484074121961,5.600807859930435
2019102710,indianapolis-colts,8,Jacoby Brissett,COMPLETE,-13.470656682403364,16.398616694526176
2019102710,indianapolis-colts,8,Jacoby Brissett,COMPLETE,12.39583215914625,5.374021276356708
2019102710,indianapolis-colts,8,Jacoby Brissett,COMPLETE,24.518974450611573,4.316642893446768
2019102710,indianapolis-colts,8,Jacoby Brissett,COMPLETE,16.283964770687486,1.6101771254100805
2019102710,indianapolis-colts,8,Jacoby Brissett,COMPLETE,20.31894754444532,6.267747204422652
2019102710,indianapolis-colts,8,Jacoby Brissett,COMPLETE,7.965091237821713,1.1193104173236461
2019102710,indianapolis-colts,8,Jacoby Brissett,COMPLETE,16.021845937547074,-3.5740717035518386
2019102710,indianapolis-colts,8,Jacoby Brissett,INCOMPLETE,24.115691706456065,11.237507348618463
2019102710,indianapolis-colts,8,Jacoby Brissett,INCOMPLETE,-14.125055300719465,3.4305325225722845
2019102710,indianapolis-colts,8,Jacoby Brissett,INCOMPLETE,1.4702187698619016,14.471226076164319
2019102710,indianapolis-colts,8,Jacoby Brissett,INCOMPLETE,-21.21846396886181,14.210268469527701
2019102710,indianapolis-colts,8,Jacoby Brissett,INCOMPLETE,-6.273474999605998,14.954928473446962
2019102710,indianapolis-colts,8,Jacoby Brissett,INCOMPLETE,-12.877623278844139,10.146384479717815
2019102710,indianapolis-colts,8,Jacoby Brissett,INCOMPLETE,24.248023876887128,16.87912892715149
2019102710,indianapolis-colts,8,Jacoby Brissett,INCOMPLETE,-12.642483780303532,1.4396293496822192
2019102710,indianapolis-colts,8,Jacoby Brissett,INCOMPLETE,24.69045802220428,11.014879882193798
2019102710,indianapolis-colts,8,Jacoby Brissett,INCOMPLETE,,
2019102705,jacksonville-jaguars,8,Gardner Minshew,COMPLETE,20.10355384331665,5.036008230452672
2019102705,jacksonville-jaguars,8,Gardner Minshew,COMPLETE,-15.582214895492324,-1.016974723871176
2019102705,jacksonville-jaguars,8,Gardner Minshew,COMPLETE,5.324058532453343,5.139039887898325
2019102705,jacksonville-jaguars,8,Gardner Minshew,COMPLETE,-20.4367779351667,6.948301792882598
2019102705,jacksonville-jaguars,8,Gardner Minshew,COMPLETE,10.425598956096575,0.3116228233599842
2019102705,jacksonville-jaguars,8,Gardner Minshew,COMPLETE,22.678457190504126,25.90221848637254
2019102705,jacksonville-jaguars,8,Gardner Minshew,COMPLETE,-11.488366827314712,14.479824186297817
2019102705,jacksonville-jaguars,8,Gardner Minshew,COMPLETE,-9.157093315579719,-4.833653489704411
2019102705,jacksonville-jaguars,8,Gardner Minshew,COMPLETE,13.997551702068204,-2.2755487960165253
2019102705,jacksonville-jaguars,8,Gardner Minshew,COMPLETE,-22.87309312811565,14.466038628640232
2019102705,jacksonville-jaguars,8,Gardner Minshew,COMPLETE,7.678130896178176,-3.058348800058985
2019102705,jacksonville-jaguars,8,Gardner Minshew,COMPLETE,11.923729588497608,8.145076852200928
2019102705,jacksonville-jaguars,8,Gardner Minshew,COMPLETE,-11.257317336730075,-1.107447396219683
2019102705,jacksonville-jaguars,8,Gardner Minshew,COMPLETE,16.409480114269535,-1.641345427059611
2019102705,jacksonville-jaguars,8,Gardner Minshew,COMPLETE,5.267244191462552,0.11217805003123915
2019102705,jacksonville-jaguars,8,Gardner Minshew,COMPLETE,-17.970639244366875,4.7792209801399395
2019102705,jacksonville-jaguars,8,Gardner Minshew,COMPLETE,-19.427792550316045,4.40373600852149
2019102705,jacksonville-jaguars,8,Gardner Minshew,COMPLETE,20.937864913474407,4.10808591266749
2019102705,jacksonville-jaguars,8,Gardner Minshew,COMPLETE,19.435006354749728,5.096063297898154
2019102705,jacksonville-jaguars,8,Gardner Minshew,TOUCHDOWN,25.90495043551743,9.722405937683728
2019102705,jacksonville-jaguars,8,Gardner Minshew,TOUCHDOWN,-7.803239341513945,11.360788649345878
2019102705,jacksonville-jaguars,8,Gardner Minshew,TOUCHDOWN,13.949039213420399,27.84908659394258
2019102705,jacksonville-jaguars,8,Gardner Minshew,INCOMPLETE,9.97265480916271,6.908254317495229
2019102705,jacksonville-jaguars,8,Gardner Minshew,INCOMPLETE,-10.36310240884202,6.321555615340915
2019102705,jacksonville-jaguars,8,Gardner Minshew,INCOMPLETE,20.181884926825752,13.86016628873774
2019102705,jacksonville-jaguars,8,Gardner Minshew,INCOMPLETE,-21.483688015377638,8.42962648022172
2019102705,jacksonville-jaguars,8,Gardner Minshew,INCOMPLETE,0.9840203360346723,10.077882349268767
2019102705,jacksonville-jaguars,8,Gardner Minshew,INCOMPLETE,24.926753398707447,14.351641891324416
2019102705,jacksonville-jaguars,8,Gardner Minshew,INCOMPLETE,7.692982452631465,12.415396674655952
2019102705,jacksonville-jaguars,8,Gardner Minshew,INCOMPLETE,8.567659316456734,3.4301127858551093
2019102705,jacksonville-jaguars,8,Gardner Minshew,INCOMPLETE,-12.29444604674933,5.178589954500331
2019102705,jacksonville-jaguars,8,Gardner Minshew,INCOMPLETE,24.976953772887825,9.838020978371857
2019102705,jacksonville-jaguars,8,Gardner Minshew,INCOMPLETE,25.389572698908037,14.245679012345665
2019102705,jacksonville-jaguars,8,Gardner Minshew,INCOMPLETE,-21.238055447217864,6.915417401528515
2019102712,kansas-city-chiefs,8,Matt Moore,COMPLETE,20.89623555873709,-3.651917083424066
2019102712,kansas-city-chiefs,8,Matt Moore,COMPLETE,-12.698655784415529,-0.9815438809653589
2019102712,kansas-city-chiefs,8,Matt Moore,COMPLETE,3.9825630183102945,14.546520622543794
2019102712,kansas-city-chiefs,8,Matt Moore,COMPLETE,10.713238668607248,-3.037782749192265
2019102712,kansas-city-chiefs,8,Matt Moore,COMPLETE,-23.10234455500202,15.71747967479652
2019102712,kansas-city-chiefs,8,Matt Moore,COMPLETE,-5.761212938864046,1.454306144900217
2019102712,kansas-city-chiefs,8,Matt Moore,COMPLETE,-19.07165326441378,-0.3738522908765981
2019102712,kansas-city-chiefs,8,Matt Moore,COMPLETE,-10.502959803899309,19.843655479726134
2019102712,kansas-city-chiefs,8,Matt Moore,COMPLETE,-0.6719690381674569,5.232332757085245
2019102712,kansas-city-chiefs,8,Matt Moore,COMPLETE,-21.856137157040244,6.7357612466067645
2019102712,kansas-city-chiefs,8,Matt Moore,COMPLETE,16.133550296789636,-5.2243870480749655
2019102712,kansas-city-chiefs,8,Matt Moore,COMPLETE,13.993904343439533,5.777841630941934
2019102712,kansas-city-chiefs,8,Matt Moore,COMPLETE,7.329218973219993,19.132185528302582
2019102712,kansas-city-chiefs,8,Matt Moore,COMPLETE,10.772399085395486,3.9450373818493647
2019102712,kansas-city-chiefs,8,Matt Moore,COMPLETE,-15.633151945283855,4.055940581762191
2019102712,kansas-city-chiefs,8,Matt Moore,COMPLETE,-13.882201916647993,-5.490179324548046
2019102712,kansas-city-chiefs,8,Matt Moore,COMPLETE,-11.777539500076147,1.2715983079391717
2019102712,kansas-city-chiefs,8,Matt Moore,COMPLETE,11.755973543767595,-6.930424935340236
2019102712,kansas-city-chiefs,8,Matt Moore,COMPLETE,-10.94868237488111,0.026882991974532932
2019102712,kansas-city-chiefs,8,Matt Moore,COMPLETE,-1.0550648930171957,2.4041075680071047
2019102712,kansas-city-chiefs,8,Matt Moore,COMPLETE,11.48682081426487,-1.5711308678061258
2019102712,kansas-city-chiefs,8,Matt Moore,COMPLETE,-21.16585042323539,5.935279073194626
2019102712,kansas-city-chiefs,8,Matt Moore,TOUCHDOWN,18.37805560370562,22.982232673590715
2019102712,kansas-city-chiefs,8,Matt Moore,TOUCHDOWN,-1.8095592823713043,-3.190280227317245
2019102712,kansas-city-chiefs,8,Matt Moore,INCOMPLETE,20.359556295765287,4.305654861210444
2019102712,kansas-city-chiefs,8,Matt Moore,INCOMPLETE,-8.375278211128425,43.73769106408
2019102712,kansas-city-chiefs,8,Matt Moore,INCOMPLETE,8.46819370570096,9.601647016345185
2019102712,kansas-city-chiefs,8,Matt Moore,INCOMPLETE,-23.222677457098147,10.668397674570508
2019102712,kansas-city-chiefs,8,Matt Moore,INCOMPLETE,-10.421700042547116,-0.7319223985890392
2019102712,kansas-city-chiefs,8,Matt Moore,INCOMPLETE,16.19003570142809,15.780197169086087
2019102712,kansas-city-chiefs,8,Matt Moore,INCOMPLETE,2.621126206159333,9.948967927362997
2019102712,kansas-city-chiefs,8,Matt Moore,INCOMPLETE,11.346794681162223,1.1715994268077823
2019102712,kansas-city-chiefs,8,Matt Moore,INCOMPLETE,15.417281660909309,7.980127236079619
2019102712,kansas-city-chiefs,8,Matt Moore,INCOMPLETE,7.04624144965798,3.298806132139499
2019102712,kansas-city-chiefs,8,Matt Moore,INCOMPLETE,11.257144593152132,11.8454469507101
2019102712,kansas-city-chiefs,8,Matt Moore,INCOMPLETE,10.896611148952974,1.1804158283031825
2019102702,los-angeles-chargers,8,Philip Rivers,COMPLETE,1.0316777958997303,13.960782872819921
2019102702,los-angeles-chargers,8,Philip Rivers,COMPLETE,14.498376796435336,8.701621595140125
2019102702,los-angeles-chargers,8,Philip Rivers,COMPLETE,-9.283932274938199,5.343893730331653
2019102702,los-angeles-chargers,8,Philip Rivers,COMPLETE,19.40314700438926,38.187847119523624
2019102702,los-angeles-chargers,8,Philip Rivers,COMPLETE,7.170212430628378,0.06321016566919563
2019102702,los-angeles-chargers,8,Philip Rivers,COMPLETE,-19.185775189628533,17.72610743875103
2019102702,los-angeles-chargers,8,Philip Rivers,COMPLETE,10.265136292724446,16.381834215167547
2019102702,los-angeles-chargers,8,Philip Rivers,COMPLETE,12.710596698510237,-1.3687466028168893
2019102702,los-angeles-chargers,8,Philip Rivers,COMPLETE,-7.212994185036133,-3.04506716040152
2019102702,los-angeles-chargers,8,Philip Rivers,COMPLETE,-14.460571971291765,3.8408079281095246
2019102702,los-angeles-chargers,8,Philip Rivers,COMPLETE,3.113819200225647,2.5190864795384633
2019102702,los-angeles-chargers,8,Philip Rivers,COMPLETE,-10.373439497015207,12.287844724729633
2019102702,los-angeles-chargers,8,Philip Rivers,COMPLETE,15.445376214219694,4.93154822804916
2019102702,los-angeles-chargers,8,Philip Rivers,COMPLETE,10.627768219007331,3.7237970089481367
2019102702,los-angeles-chargers,8,Philip Rivers,COMPLETE,-8.039423618601054,10.094268852110773
2019102702,los-angeles-chargers,8,Philip Rivers,COMPLETE,-8.773450852026492,3.551086388056877
2019102702,los-angeles-chargers,8,Philip Rivers,COMPLETE,7.716243215781292,0.7309593428014641
2019102702,los-angeles-chargers,8,Philip Rivers,COMPLETE,16.10132375334837,4.300926804246867
2019102702,los-angeles-chargers,8,Philip Rivers,TOUCHDOWN,16.391981157371294,2.431106701940035
2019102702,los-angeles-chargers,8,Philip Rivers,INTERCEPTION,8.31957974453432,9.089092427094295
2019102702,los-angeles-chargers,8,Philip Rivers,INCOMPLETE,-5.93600556196156,-5.056041203384234
2019102702,los-angeles-chargers,8,Philip Rivers,INCOMPLETE,16.885877186873266,5.235496976568377
2019102702,los-angeles-chargers,8,Philip Rivers,INCOMPLETE,-9.688473353748918,13.108411174254774
2019102702,los-angeles-chargers,8,Philip Rivers,INCOMPLETE,20.570344685485587,38.14365578516519
2019102702,los-angeles-chargers,8,Philip Rivers,INCOMPLETE,8.762882068112953,11.491048550796961
2019102702,los-angeles-chargers,8,Philip Rivers,INCOMPLETE,-14.673171067583379,29.27537178565982
2019102702,los-angeles-chargers,8,Philip Rivers,INCOMPLETE,-11.539927002080006,4.622942386831251
2019102702,los-angeles-chargers,8,Philip Rivers,INCOMPLETE,21.82339362763709,10.12051734273957
2019102702,los-angeles-chargers,8,Philip Rivers,INCOMPLETE,-10.30671545282857,0.4926668523159409
2019102706,los-angeles-rams,8,Jared Goff,COMPLETE,9.38237009894755,-0.23299180527537733
2019102706,los-angeles-rams,8,Jared Goff,COMPLETE,-1.8575844312461234,12.250356403361902
2019102706,los-angeles-rams,8,Jared Goff,COMPLETE,-18.028633902575137,2.8867102396514484
2019102706,los-angeles-rams,8,Jared Goff,COMPLETE,4.392506676206871,25.933020381641978
2019102706,los-angeles-rams,8,Jared Goff,COMPLETE,24.189393482406217,1.975285587486061
2019102706,los-angeles-rams,8,Jared Goff,COMPLETE,4.429517533927136,4.1765517437560735
2019102706,los-angeles-rams,8,Jared Goff,COMPLETE,9.851371772903628,32.64592521423127
2019102706,los-angeles-rams,8,Jared Goff,COMPLETE,-8.228827905126373,5.383110437549325
2019102706,los-angeles-rams,8,Jared Goff,COMPLETE,4.6448310779888535,13.937521988369486
2019102706,los-angeles-rams,8,Jared Goff,COMPLETE,-11.92935654019147,-2.5423544170834615
2019102706,los-angeles-rams,8,Jared Goff,COMPLETE,1.2730625500972457,13.946202318957507
2019102706,los-angeles-rams,8,Jared Goff,COMPLETE,5.073501077185953,-1.82906063660028
2019102706,los-angeles-rams,8,Jared Goff,COMPLETE,8.755366816222985,5.763458795327898
2019102706,los-angeles-rams,8,Jared Goff,COMPLETE,3.766851722238882,10.690464738083811
2019102706,los-angeles-rams,8,Jared Goff,COMPLETE,7.380827789607949,-0.661028077086428
2019102706,los-angeles-rams,8,Jared Goff,TOUCHDOWN,-11.579805493137139,24.11784217594615
2019102706,los-angeles-rams,8,Jared Goff,TOUCHDOWN,23.40968415827544,14.603174603174605
2019102706,los-angeles-rams,8,Jared Goff,INCOMPLETE,-24.26754283504678,7.85216840772397
2019102706,los-angeles-rams,8,Jared Goff,INCOMPLETE,19.64747856525827,1.6979316979316725
2019102706,los-angeles-rams,8,Jared Goff,INCOMPLETE,-9.978228809152364,11.613536155202814
2019102706,los-angeles-rams,8,Jared Goff,INCOMPLETE,23.723075499764136,21.662975267626408
2019102706,los-angeles-rams,8,Jared Goff,INCOMPLETE,-1.449211835140109,6.223036223036254
2019102706,los-angeles-rams,8,Jared Goff,INCOMPLETE,-22.150851574688026,33.417107583774296
2019102706,los-angeles-rams,8,Jared Goff,INCOMPLETE,-14.666353857380134,3.513967116117634
2019102706,los-angeles-rams,8,Jared Goff,INCOMPLETE,23.40582280975445,12.815464587394404
2019102706,los-angeles-rams,8,Jared Goff,INCOMPLETE,-23.452417742164272,14.521164021164049
2019102706,los-angeles-rams,8,Jared Goff,INCOMPLETE,-26.274725145369494,11.437389770723096
2019102706,los-angeles-rams,8,Jared Goff,INCOMPLETE,-20.94425477523307,1.0515317238006188
2019102706,los-angeles-rams,8,Jared Goff,INCOMPLETE,-20.793754333506715,17.2429616565419
2019102706,los-angeles-rams,8,Jared Goff,INCOMPLETE,-11.152627481569848,10.499965418266072
2019102706,los-angeles-rams,8,Jared Goff,INCOMPLETE,,
2019102400,minnesota-vikings,8,Kirk Cousins,COMPLETE,10.096410332739403,3.442997916909076
2019102400,minnesota-vikings,8,Kirk Cousins,COMPLETE,-4.37552918900955,-2.2945226776915093
2019102400,minnesota-vikings,8,Kirk Cousins,COMPLETE,-20.367626548243592,4.610400744659994
2019102400,minnesota-vikings,8,Kirk Cousins,COMPLETE,26.308886044277465,6.289510513200018
2019102400,minnesota-vikings,8,Kirk Cousins,COMPLETE,24.536118870561427,31.965691616229016
2019102400,minnesota-vikings,8,Kirk Cousins,COMPLETE,1.278693676573598,2.4137849584278364
2019102400,minnesota-vikings,8,Kirk Cousins,COMPLETE,-10.159398065922515,2.0896418396418572
2019102400,minnesota-vikings,8,Kirk Cousins,COMPLETE,13.612071777127081,6.827100630407889
2019102400,minnesota-vikings,8,Kirk Cousins,COMPLETE,-9.465170140565096,12.269854801823987
2019102400,minnesota-vikings,8,Kirk Cousins,COMPLETE,6.234140397522518,-1.8661830875406897
2019102400,minnesota-vikings,8,Kirk Cousins,COMPLETE,-4.479070680924938,11.587930636807686
2019102400,minnesota-vikings,8,Kirk Cousins,COMPLETE,-21.226257863217597,-2.943169103563449
2019102400,minnesota-vikings,8,Kirk Cousins,COMPLETE,12.06770332881389,13.376340064821603
2019102400,minnesota-vikings,8,Kirk Cousins,COMPLETE,-0.30662714301125304,3.6392430297572034
2019102400,minnesota-vikings,8,Kirk Cousins,COMPLETE,14.66256968446493,1.438880355009424
2019102400,minnesota-vikings,8,Kirk Cousins,COMPLETE,-9.477808286575762,-3.1384723062341204
2019102400,minnesota-vikings,8,Kirk Cousins,COMPLETE,-2.318810599116589,0.8486081659449947
2019102400,minnesota-vikings,8,Kirk Cousins,COMPLETE,2.2517048601319845,-1.9680383832963562
2019102400,minnesota-vikings,8,Kirk Cousins,COMPLETE,7.629751275011469,2.3803823298106694
2019102400,minnesota-vikings,8,Kirk Cousins,COMPLETE,-19.255218730499063,5.451256613756613
2019102400,minnesota-vikings,8,Kirk Cousins,COMPLETE,8.223868284731452,-2.0364152308597396
2019102400,minnesota-vikings,8,Kirk Cousins,COMPLETE,-3.820455497793067,-2.4691089172796863
2019102400,minnesota-vikings,8,Kirk Cousins,COMPLETE,14.170582836872923,3.1118975186771722
2019102400,minnesota-vikings,8,Kirk Cousins,INCOMPLETE,-16.522461248908673,-0.013348866559879984
2019102400,minnesota-vikings,8,Kirk Cousins,INCOMPLETE,,
2019102400,minnesota-vikings,8,Kirk Cousins,INCOMPLETE,,
2019102711,new-england-patriots,8,Tom Brady,COMPLETE,-24.264181636360828,29.495261306855703
2019102711,new-england-patriots,8,Tom Brady,COMPLETE,7.476588523000506,14.847109013775782
2019102711,new-england-patriots,8,Tom Brady,COMPLETE,-9.832323531010992,5.959497094439007
2019102711,new-england-patriots,8,Tom Brady,COMPLETE,-21.592803777681937,4.5607356092283995
2019102711,new-england-patriots,8,Tom Brady,COMPLETE,21.173287647684027,5.173097877981121
2019102711,new-england-patriots,8,Tom Brady,COMPLETE,12.927135497711893,7.9384951685421035
2019102711,new-england-patriots,8,Tom Brady,COMPLETE,4.149573899126692,3.553677807666558
2019102711,new-england-patriots,8,Tom Brady,COMPLETE,-13.10882664100525,22.340261714214982
2019102711,new-england-patriots,8,Tom Brady,COMPLETE,-1.6354419881340874,4.728346070938657
2019102711,new-england-patriots,8,Tom Brady,COMPLETE,11.34273185268511,-3.2534441664500737
2019102711,new-england-patriots,8,Tom Brady,COMPLETE,-8.187905556528396,-3.1915312421263544
2019102711,new-england-patriots,8,Tom Brady,COMPLETE,-17.246655404259478,0.010148282340387083
2019102711,new-england-patriots,8,Tom Brady,COMPLETE,4.669369631411786,-4.602675251269481
2019102711,new-england-patriots,8,Tom Brady,COMPLETE,14.877535794132427,15.074923724558865
2019102711,new-england-patriots,8,Tom Brady,COMPLETE,7.819674046336995,5.487944732736414
2019102711,new-england-patriots,8,Tom Brady,COMPLETE,-19.816551502319786,7.283446712018141
2019102711,new-england-patriots,8,Tom Brady,COMPLETE,-9.137546392355736,9.844951499118162
2019102711,new-england-patriots,8,Tom Brady,COMPLETE,-21.998806814090738,3.7998914665581123
2019102711,new-england-patriots,8,Tom Brady,TOUCHDOWN,9.357398640773217,11.328022055991408
2019102711,new-england-patriots,8,Tom Brady,TOUCHDOWN,5.3695419228533865,1.987585157519799
2019102711,new-england-patriots,8,Tom Brady,INCOMPLETE,11.899412246489852,10.633818342151686
2019102711,new-england-patriots,8,Tom Brady,INCOMPLETE,-20.874048565420726,5.6109194080208695
2019102711,new-england-patriots,8,Tom Brady,INCOMPLETE,-3.564540592823774,3.8529100529100337
2019102711,new-england-patriots,8,Tom Brady,INCOMPLETE,23.473809197585293,7.19500038340618
2019102711,new-england-patriots,8,Tom Brady,INCOMPLETE,5.487325707782412,5.546592650417801
2019102711,new-england-patriots,8,Tom Brady,INCOMPLETE,12.121174875566462,34.974524789339675
2019102711,new-england-patriots,8,Tom Brady,INCOMPLETE,-24.56721863160233,19.692512807592212
2019102711,new-england-patriots,8,Tom Brady,INCOMPLETE,7.415833133325326,-4.146203590648001
2019102711,new-england-patriots,8,Tom Brady,INCOMPLETE,25.730362966131633,6.717372134038807
2019102711,new-england-patriots,8,Tom Brady,INCOMPLETE,21.876690044592866,8.591094254811082
2019102711,new-england-patriots,8,Tom Brady,INCOMPLETE,-4.291636765470678,3.2772738725119503
2019102711,new-england-patriots,8,Tom Brady,INCOMPLETE,7.0942403696147895,5.096323429656764
2019102711,new-england-patriots,8,Tom Brady,INCOMPLETE,12.382419683228017,10.638956147430738
2019102711,new-england-patriots,8,Tom Brady,INCOMPLETE,6.9793985092737065,-4.114106547968973
2019102711,new-england-patriots,8,Tom Brady,INCOMPLETE,,
2019102711,new-england-patriots,8,Tom Brady,INCOMPLETE,,
2019102707,new-orleans-saints,8,Drew Brees,COMPLETE,-21.354595094795513,2.59915315545343
2019102707,new-orleans-saints,8,Drew Brees,COMPLETE,9.621624896417394,5.5126513522191045
2019102707,new-orleans-saints,8,Drew Brees,COMPLETE,-8.327228049172383,-2.514320051193272
2019102707,new-orleans-saints,8,Drew Brees,COMPLETE,16.48192400211676,10.05552575640177
2019102707,new-orleans-saints,8,Drew Brees,COMPLETE,-9.431239388471392,16.545960655930806
2019102707,new-orleans-saints,8,Drew Brees,COMPLETE,-12.126407187743858,5.358130468289559
2019102707,new-orleans-saints,8,Drew Brees,COMPLETE,11.831804074027342,-2.571515463215479
2019102707,new-orleans-saints,8,Drew Brees,COMPLETE,-13.295149116309277,-3.469163871462805
2019102707,new-orleans-saints,8,Drew Brees,COMPLETE,23.642795838895655,16.088042509863897
2019102707,new-orleans-saints,8,Drew Brees,COMPLETE,3.1787795464361412,4.56697456132485
2019102707,new-orleans-saints,8,Drew Brees,COMPLETE,-3.643524843958679,3.450404154207692
2019102707,new-orleans-saints,8,Drew Brees,COMPLETE,23.321243218232905,-0.9908946566864281
2019102707,new-orleans-saints,8,Drew Brees,COMPLETE,-20.942322210920985,18.815161765981596
2019102707,new-orleans-saints,8,Drew Brees,COMPLETE,13.639824755583955,-4.848032036311404
2019102707,new-orleans-saints,8,Drew Brees,COMPLETE,-16.98938831089645,5.882418211336507
2019102707,new-orleans-saints,8,Drew Brees,COMPLETE,-9.290353359998894,26.1591147180118
2019102707,new-orleans-saints,8,Drew Brees,COMPLETE,-9.638003931357089,4.385773074661978
2019102707,new-orleans-saints,8,Drew Brees,COMPLETE,14.500126456456607,1.6031769516012486
2019102707,new-orleans-saints,8,Drew Brees,COMPLETE,7.597457281820807,3.2858328516591904
2019102707,new-orleans-saints,8,Drew Brees,COMPLETE,15.473745435987878,-4.914326053510553
2019102707,new-orleans-saints,8,Drew Brees,COMPLETE,5.881680987239617,4.89672364672363
2019102707,new-orleans-saints,8,Drew Brees,COMPLETE,-13.699607585102134,-7.569108325877054
2019102707,new-orleans-saints,8,Drew Brees,COMPLETE,-10.547119119431278,-3.6675289045660064
2019102707,new-orleans-saints,8,Drew Brees,COMPLETE,-11.022378136869015,7.822545134302104
2019102707,new-orleans-saints,8,Drew Brees,COMPLETE,9.899981403162563,-2.9821727109054197
2019102707,new-orleans-saints,8,Drew Brees,COMPLETE,11.290353994052722,3.8590058205786635
2019102707,new-orleans-saints,8,Drew Brees,COMPLETE,-9.035497776863746,3.5430861851659947
2019102707,new-orleans-saints,8,Drew Brees,COMPLETE,7.0153805596171335,3.579495575011274
2019102707,new-orleans-saints,8,Drew Brees,COMPLETE,-13.292217362112,-5.264371665215597
2019102707,new-orleans-saints,8,Drew Brees,COMPLETE,-9.728890148292592,-3.6351757920385888
2019102707,new-orleans-saints,8,Drew Brees,COMPLETE,10.141302770892658,5.512359107959792
2019102707,new-orleans-saints,8,Drew Brees,TOUCHDOWN,15.43862035126565,2.7160493827160495
2019102707,new-orleans-saints,8,Drew Brees,TOUCHDOWN,-13.093305382215298,3.078290343915344
2019102707,new-orleans-saints,8,Drew Brees,TOUCHDOWN,-8.613947588206567,5.462473055065646
2019102707,new-orleans-saints,8,Drew Brees,INTERCEPTION,-25.721083634988855,24.832451499118168
2019102707,new-orleans-saints,8,Drew Brees,INCOMPLETE,-16.594770942142066,3.8868184955141585
2019102707,new-orleans-saints,8,Drew Brees,INCOMPLETE,5.145187929739375,7.571526553008044
2019102707,new-orleans-saints,8,Drew Brees,INCOMPLETE,19.64435797431906,20.627265151074628
2019102707,new-orleans-saints,8,Drew Brees,INCOMPLETE,-4.1841725169006825,11.57913645567969
2019102707,new-orleans-saints,8,Drew Brees,INCOMPLETE,-18.321312962083734,16.99049152672338
2019102707,new-orleans-saints,8,Drew Brees,INCOMPLETE,-2.2985307359663065,5.104505089885232
2019102707,new-orleans-saints,8,Drew Brees,INCOMPLETE,-14.791992583093187,0.8927450452873779
2019102707,new-orleans-saints,8,Drew Brees,INCOMPLETE,,
2019102703,new-york-giants,8,Daniel Jones,COMPLETE,16.7763542913808,11.11096299942128
2019102703,new-york-giants,8,Daniel Jones,COMPLETE,-14.544865037623216,4.591002806965252
2019102703,new-york-giants,8,Daniel Jones,COMPLETE,-1.7301597918322085,7.7690607958806845
2019102703,new-york-giants,8,Daniel Jones,COMPLETE,12.495631724695999,-0.4618006599859061
2019102703,new-york-giants,8,Daniel Jones,COMPLETE,20.865366095309533,13.441140671187686
2019102703,new-york-giants,8,Daniel Jones,COMPLETE,3.1752371045810888,4.70054840636369
2019102703,new-york-giants,8,Daniel Jones,COMPLETE,-25.89336810171914,10.791446208112925
2019102703,new-york-giants,8,Daniel Jones,COMPLETE,24.8612706966052,10.421575040098139
2019102703,new-york-giants,8,Daniel Jones,COMPLETE,-17.474428077388932,-3.9287004202784526
2019102703,new-york-giants,8,Daniel Jones,COMPLETE,11.370444886100188,14.827565660898953
2019102703,new-york-giants,8,Daniel Jones,COMPLETE,-5.377084929965252,5.148926725867066
2019102703,new-york-giants,8,Daniel Jones,COMPLETE,15.85187883838321,-4.580652228685434
2019102703,new-york-giants,8,Daniel Jones,COMPLETE,8.134560395294638,4.726998824221059
2019102703,new-york-giants,8,Daniel Jones,COMPLETE,15.373209743811303,2.42200548224646
2019102703,new-york-giants,8,Daniel Jones,COMPLETE,23.570228257406164,2.760433478824283
2019102703,new-york-giants,8,Daniel Jones,COMPLETE,19.578205214482907,6.510276538598987
2019102703,new-york-giants,8,Daniel Jones,COMPLETE,1.4672584131937192,10.485197782816881
2019102703,new-york-giants,8,Daniel Jones,COMPLETE,-16.909110382163526,7.316117126271624
2019102703,new-york-giants,8,Daniel Jones,COMPLETE,-1.3518902921300344,3.197853568459231
2019102703,new-york-giants,8,Daniel Jones,COMPLETE,-18.455123716812924,-2.036657629877912
2019102703,new-york-giants,8,Daniel Jones,COMPLETE,21.736138042004054,16.105217445250847
2019102703,new-york-giants,8,Daniel Jones,COMPLETE,14.569781656629345,-0.6867345531218358
2019102703,new-york-giants,8,Daniel Jones,COMPLETE,14.523037561683738,3.226261076210697
2019102703,new-york-giants,8,Daniel Jones,COMPLETE,-4.75660198502258,5.6671363259435426
2019102703,new-york-giants,8,Daniel Jones,TOUCHDOWN,20.410708077302687,2.7279271496958657
2019102703,new-york-giants,8,Daniel Jones,TOUCHDOWN,-20.933764012416184,19.194348988163433
2019102703,new-york-giants,8,Daniel Jones,TOUCHDOWN,22.55659720674542,24.823213235911652
2019102703,new-york-giants,8,Daniel Jones,TOUCHDOWN,19.15720093603744,1.4395061728395204
2019102703,new-york-giants,8,Daniel Jones,INCOMPLETE,23.476487962220997,4.3135198690754475
2019102703,new-york-giants,8,Daniel Jones,INCOMPLETE,-13.887608820746385,6.648596293405045
2019102703,new-york-giants,8,Daniel Jones,INCOMPLETE,0.9603339466912107,4.953722546315164
2019102703,new-york-giants,8,Daniel Jones,INCOMPLETE,-25.059486759217343,21.56263255419377
2019102703,new-york-giants,8,Daniel Jones,INCOMPLETE,12.041120362205653,-4.736919459141652
2019102703,new-york-giants,8,Daniel Jones,INCOMPLETE,17.753064360872173,18.563454538631873
2019102703,new-york-giants,8,Daniel Jones,INCOMPLETE,-20.960808352334276,-0.9073395740062044
2019102703,new-york-giants,8,Daniel Jones,INCOMPLETE,9.791250757468232,4.272085938752627
2019102703,new-york-giants,8,Daniel Jones,INCOMPLETE,21.025104370371885,16.774474004520982
2019102703,new-york-giants,8,Daniel Jones,INCOMPLETE,-22.95694550540657,20.84422956070469
2019102703,new-york-giants,8,Daniel Jones,INCOMPLETE,1.333215902406597,6.892690895423142
2019102703,new-york-giants,8,Daniel Jones,INCOMPLETE,-25.09827525351028,23.276785714285747
2019102703,new-york-giants,8,Daniel Jones,INCOMPLETE,,
2019102705,new-york-jets,8,Sam Darnold,COMPLETE,21.528385543026435,9.008623869206895
2019102705,new-york-jets,8,Sam Darnold,COMPLETE,-20.177207907042675,5.2515374300642765
2019102705,new-york-jets,8,Sam Darnold,COMPLETE,11.978967304873967,4.761669606114065
2019102705,new-york-jets,8,Sam Darnold,COMPLETE,-6.042776344304832,14.861578092284182
2019102705,new-york-jets,8,Sam Darnold,COMPLETE,-11.17189504089236,1.9105232216343375
2019102705,new-york-jets,8,Sam Darnold,COMPLETE,20.045229543825627,21.853758520425195
2019102705,new-york-jets,8,Sam Darnold,COMPLETE,12.41170125703871,-5.024964602429385
2019102705,new-york-jets,8,Sam Darnold,COMPLETE,16.012764893522647,-0.1405079747446403
2019102705,new-york-jets,8,Sam Darnold,COMPLETE,-1.5463055044588414,14.714829731413488
2019102705,new-york-jets,8,Sam Darnold,COMPLETE,19.7621101978927,3.782032716167131
2019102705,new-york-jets,8,Sam Darnold,COMPLETE,24.977274108521758,5.439256656389828
2019102705,new-york-jets,8,Sam Darnold,COMPLETE,11.92702381849916,15.015680695151996
2019102705,new-york-jets,8,Sam Darnold,COMPLETE,9.065786656401325,-4.968379944570408
2019102705,new-york-jets,8,Sam Darnold,COMPLETE,13.839887315644734,7.221037501983859
2019102705,new-york-jets,8,Sam Darnold,COMPLETE,-9.299535343649593,4.363633376055746
2019102705,new-york-jets,8,Sam Darnold,COMPLETE,13.660974634175247,1.9233362355725288
2019102705,new-york-jets,8,Sam Darnold,COMPLETE,18.46732913997418,4.042740815790466
2019102705,new-york-jets,8,Sam Darnold,COMPLETE,19.086658023352317,4.169939098324527
2019102705,new-york-jets,8,Sam Darnold,COMPLETE,20.420930228447936,4.768911480895374
2019102705,new-york-jets,8,Sam Darnold,TOUCHDOWN,-14.534803381265693,3.6048807606778626
2019102705,new-york-jets,8,Sam Darnold,TOUCHDOWN,11.471138109675323,1.0340754051445873
2019102705,new-york-jets,8,Sam Darnold,INTERCEPTION,-23.82447535994077,8.859934931687878
2019102705,new-york-jets,8,Sam Darnold,INTERCEPTION,21.182549084640662,13.015294384498263
2019102705,new-york-jets,8,Sam Darnold,INTERCEPTION,-8.311012990519636,40.96608329941651
2019102705,new-york-jets,8,Sam Darnold,INCOMPLETE,6.716913080192933,10.29019626878954
2019102705,new-york-jets,8,Sam Darnold,INCOMPLETE,-22.877369972765145,17.235898125728674
2019102705,new-york-jets,8,Sam Darnold,INCOMPLETE,18.496456530988404,1.5768799102132771
2019102705,new-york-jets,8,Sam Darnold,INCOMPLETE,-22.700721634270863,23.673673673673708
2019102705,new-york-jets,8,Sam Darnold,INCOMPLETE,16.90831462110934,2.5339723017319002
2019102705,new-york-jets,8,Sam Darnold,INCOMPLETE,,
2019102704,oakland-raiders,8,Derek Carr,COMPLETE,-12.964879105320353,-1.6414517195766756
2019102704,oakland-raiders,8,Derek Carr,COMPLETE,7.344287730210693,3.7420005039052673
2019102704,oakland-raiders,8,Derek Carr,COMPLETE,-24.271376010994366,21.36112974141147
2019102704,oakland-raiders,8,Derek Carr,COMPLETE,16.929921591026048,15.789991405473684
2019102704,oakland-raiders,8,Derek Carr,COMPLETE,-2.7840237359187796,4.272600383029836
2019102704,oakland-raiders,8,Derek Carr,COMPLETE,-18.072838244338907,1.0367538370149687
2019102704,oakland-raiders,8,Derek Carr,COMPLETE,16.464176683129498,2.5523274940373675
2019102704,oakland-raiders,8,Derek Carr,COMPLETE,-9.867667258648602,1.881530293192638
2019102704,oakland-raiders,8,Derek Carr,COMPLETE,2.80062468386931,3.795962185196143
2019102704,oakland-raiders,8,Derek Carr,COMPLETE,9.78182983072245,-7.098606543050943
2019102704,oakland-raiders,8,Derek Carr,COMPLETE,-11.78994254789149,10.220503147178283
2019102704,oakland-raiders,8,Derek Carr,COMPLETE,-21.90651986161069,2.369746487660348
2019102704,oakland-raiders,8,Derek Carr,COMPLETE,-5.140624457752525,2.848472435569233
2019102704,oakland-raiders,8,Derek Carr,COMPLETE,-10.414405767465787,-2.083412382217128
2019102704,oakland-raiders,8,Derek Carr,COMPLETE,7.242361174619538,0.8036094386669438
2019102704,oakland-raiders,8,Derek Carr,TOUCHDOWN,9.293230889235582,15.711222500696191
2019102704,oakland-raiders,8,Derek Carr,TOUCHDOWN,-8.043681074829182,7.878884631758201
2019102704,oakland-raiders,8,Derek Carr,TOUCHDOWN,7.321435257410297,-0.3133903133903075
2019102704,oakland-raiders,8,Derek Carr,INCOMPLETE,-23.785210253864737,20.327380952380928
2019102704,oakland-raiders,8,Derek Carr,INCOMPLETE,22.968375810821872,11.37269098672608
2019102704,oakland-raiders,8,Derek Carr,INCOMPLETE,2.4813124428425426,-3.5128018001579835
2019102704,oakland-raiders,8,Derek Carr,INCOMPLETE,-10.604641380655265,6.399691358024672
2019102704,oakland-raiders,8,Derek Carr,INCOMPLETE,14.996298782659935,3.401935869127447
2019102704,oakland-raiders,8,Derek Carr,INCOMPLETE,22.364696762870476,-4.112470605526021
2019102704,oakland-raiders,8,Derek Carr,INCOMPLETE,22.680096562483154,36.00437876299952
2019102704,oakland-raiders,8,Derek Carr,INCOMPLETE,-25.217060650847127,9.572542467279314
2019102704,oakland-raiders,8,Derek Carr,INCOMPLETE,21.670875815677753,20.26606739868386
2019102704,oakland-raiders,8,Derek Carr,INCOMPLETE,-21.572165262610543,26.76213991769549
2019102704,oakland-raiders,8,Derek Carr,INCOMPLETE,-22.74558819227773,20.31883818342149
2019102704,oakland-raiders,8,Derek Carr,INCOMPLETE,22.079907381558385,14.79838485101641
2019102701,philadelphia-eagles,8,Carson Wentz,COMPLETE,24.09853318535454,12.175088479339095
2019102701,philadelphia-eagles,8,Carson Wentz,COMPLETE,-7.727396083195129,-3.139074201876085
2019102701,philadelphia-eagles,8,Carson Wentz,COMPLETE,9.801054038771786,0.2721614021049384
2019102701,philadelphia-eagles,8,Carson Wentz,COMPLETE,-22.46806413392872,13.03730648638051
2019102701,philadelphia-eagles,8,Carson Wentz,COMPLETE,-3.681011154146519,4.105497180614542
2019102701,philadelphia-eagles,8,Carson Wentz,COMPLETE,-23.15634577099992,30.638378407133438
2019102701,philadelphia-eagles,8,Carson Wentz,COMPLETE,5.879245028306252,-2.178789614356571
2019102701,philadelphia-eagles,8,Carson Wentz,COMPLETE,20.517502546297028,3.1587089664526222
2019102701,philadelphia-eagles,8,Carson Wentz,COMPLETE,-17.294928872564505,14.230513465486027
2019102701,philadelphia-eagles,8,Carson Wentz,COMPLETE,14.738400171884924,2.6031274822623347
2019102701,philadelphia-eagles,8,Carson Wentz,COMPLETE,0.15233077599866388,-2.652985572915894
2019102701,philadelphia-eagles,8,Carson Wentz,COMPLETE,-9.428145642408534,-5.160103870321638
2019102701,philadelphia-eagles,8,Carson Wentz,COMPLETE,9.645239484676223,-7.251851851851962
2019102701,philadelphia-eagles,8,Carson Wentz,COMPLETE,11.165864216269796,3.4124370443099012
2019102701,philadelphia-eagles,8,Carson Wentz,COMPLETE,-11.473043535300608,-3.1761437976126743
2019102701,philadelphia-eagles,8,Carson Wentz,COMPLETE,6.3544233142018856,-4.556219371717507
2019102701,philadelphia-eagles,8,Carson Wentz,TOUCHDOWN,-8.257691523660947,8.717225161669607
2019102701,philadelphia-eagles,8,Carson Wentz,INCOMPLETE,-11.047522843770954,2.803269455930547
2019102701,philadelphia-eagles,8,Carson Wentz,INCOMPLETE,13.817289091563598,2.328042328042339
2019102701,philadelphia-eagles,8,Carson Wentz,INCOMPLETE,-22.04043990816232,16.664170909453883
2019102701,philadelphia-eagles,8,Carson Wentz,INCOMPLETE,-8.02950443124113,15.699838643101032
2019102701,philadelphia-eagles,8,Carson Wentz,INCOMPLETE,18.36563420502928,6.952889128030369
2019102701,philadelphia-eagles,8,Carson Wentz,INCOMPLETE,-9.256709358080267,-2.3045051353874877
2019102701,philadelphia-eagles,8,Carson Wentz,INCOMPLETE,14.96759790187519,10.607835726883355
2019102709,san-francisco-49ers,8,James Garoppolo,COMPLETE,-4.492752792754152,7.941202675658616
2019102709,san-francisco-49ers,8,James Garoppolo,COMPLETE,9.559162359948894,-4.377189888300956
2019102709,san-francisco-49ers,8,James Garoppolo,COMPLETE,17.944809864835772,2.2188198697384856
2019102709,san-francisco-49ers,8,James Garoppolo,COMPLETE,-10.423640236044031,24.96716947648628
2019102709,san-francisco-49ers,8,James Garoppolo,COMPLETE,-0.7798741184022849,-3.4155230379189265
2019102709,san-francisco-49ers,8,James Garoppolo,COMPLETE,5.044476182913296,6.8071237658866695
2019102709,san-francisco-49ers,8,James Garoppolo,COMPLETE,0.3338403470647216,13.074225118725453
2019102709,san-francisco-49ers,8,James Garoppolo,COMPLETE,8.480607179399346,4.562106638166485
2019102709,san-francisco-49ers,8,James Garoppolo,COMPLETE,-8.117710673426712,19.648284622491214
2019102709,san-francisco-49ers,8,James Garoppolo,COMPLETE,15.78566064201994,5.685407826496946
2019102709,san-francisco-49ers,8,James Garoppolo,COMPLETE,-3.3644034840073993,-3.8687454677302546
2019102709,san-francisco-49ers,8,James Garoppolo,COMPLETE,-2.52778629511579,10.360060010001593
2019102709,san-francisco-49ers,8,James Garoppolo,COMPLETE,0.3450555140375455,-2.40470700021746
2019102709,san-francisco-49ers,8,James Garoppolo,COMPLETE,8.086967505542281,-1.001415575977052
2019102709,san-francisco-49ers,8,James Garoppolo,COMPLETE,18.783872902945838,4.427796022623607
2019102709,san-francisco-49ers,8,James Garoppolo,COMPLETE,10.198510492610888,-2.776466151853572
2019102709,san-francisco-49ers,8,James Garoppolo,TOUCHDOWN,-11.957650936037444,5.2461787184009445
2019102709,san-francisco-49ers,8,James Garoppolo,TOUCHDOWN,-13.459278099695418,-5.494457042076087
2019102709,san-francisco-49ers,8,James Garoppolo,INTERCEPTION,-8.653839174753431,3.925694257615162
2019102709,san-francisco-49ers,8,James Garoppolo,INCOMPLETE,9.501116012852282,-7.9021105621548715
2019102709,san-francisco-49ers,8,James Garoppolo,INCOMPLETE,-22.44947746388112,18.4535311709225
2019102709,san-francisco-49ers,8,James Garoppolo,INCOMPLETE,-24.639733211800344,20.32132453480767
2019102700,seattle-seahawks,8,Russell Wilson,COMPLETE,-10.398412328983728,14.802420574218557
2019102700,seattle-seahawks,8,Russell Wilson,COMPLETE,13.84750284470143,1.048894070801175
2019102700,seattle-seahawks,8,Russell Wilson,COMPLETE,-1.2355496137035005,4.906926105169452
2019102700,seattle-seahawks,8,Russell Wilson,COMPLETE,-18.494660850923832,-9.176102892656251
2019102700,seattle-seahawks,8,Russell Wilson,COMPLETE,-20.98041411354206,16.750458298859417
2019102700,seattle-seahawks,8,Russell Wilson,COMPLETE,19.656990343134385,5.464886351365894
2019102700,seattle-seahawks,8,Russell Wilson,COMPLETE,9.426271665264474,12.1833707304911
2019102700,seattle-seahawks,8,Russell Wilson,COMPLETE,-15.50840124213907,17.899516244125962
2019102700,seattle-seahawks,8,Russell Wilson,COMPLETE,-5.014206568766549,22.614238623894245
2019102700,seattle-seahawks,8,Russell Wilson,COMPLETE,-9.175883464358053,9.061993521688509
2019102700,seattle-seahawks,8,Russell Wilson,COMPLETE,-10.172197710994956,4.609713674958277
2019102700,seattle-seahawks,8,Russell Wilson,COMPLETE,21.9497595188972,6.629914092279686
2019102700,seattle-seahawks,8,Russell Wilson,TOUCHDOWN,14.44929620384816,10.394708994708992
2019102700,seattle-seahawks,8,Russell Wilson,TOUCHDOWN,-6.70009050838224,4.994820973656953
2019102700,seattle-seahawks,8,Russell Wilson,INCOMPLETE,-24.91343941257658,13.488841405508074
2019102700,seattle-seahawks,8,Russell Wilson,INCOMPLETE,20.004255758465494,-2.552715530656635
2019102700,seattle-seahawks,8,Russell Wilson,INCOMPLETE,25.89632164417014,26.059734682923043
2019102700,seattle-seahawks,8,Russell Wilson,INCOMPLETE,-23.97348653686403,23.67094986142601
2019102700,seattle-seahawks,8,Russell Wilson,INCOMPLETE,-24.118212861847883,10.164527402181738
2019102700,seattle-seahawks,8,Russell Wilson,INCOMPLETE,24.081034954441694,24.670781893004083
2019102708,tampabay-buccaneers,8,Jameis Winston,COMPLETE,-15.0218316846311,12.049652165392912
2019102708,tampabay-buccaneers,8,Jameis Winston,COMPLETE,21.628757653745563,10.887799233871426
2019102708,tampabay-buccaneers,8,Jameis Winston,COMPLETE,2.0818999523527344,11.375248694624725
2019102708,tampabay-buccaneers,8,Jameis Winston,COMPLETE,25.704619658688703,44.87514518002313
2019102708,tampabay-buccaneers,8,Jameis Winston,COMPLETE,-21.43714433373386,37.009350276758326
2019102708,tampabay-buccaneers,8,Jameis Winston,COMPLETE,8.578533501544126,-2.6118714681641055
2019102708,tampabay-buccaneers,8,Jameis Winston,COMPLETE,-7.981691250395188,6.0768751945222625
2019102708,tampabay-buccaneers,8,Jameis Winston,COMPLETE,-0.333003406828345,-2.793380319785179
2019102708,tampabay-buccaneers,8,Jameis Winston,COMPLETE,-23.416847205652964,11.543083076852144
2019102708,tampabay-buccaneers,8,Jameis Winston,COMPLETE,15.637928172991426,10.442175347455484
2019102708,tampabay-buccaneers,8,Jameis Winston,COMPLETE,4.079459018499972,4.456792169475935
2019102708,tampabay-buccaneers,8,Jameis Winston,COMPLETE,22.8488794164669,22.848007229727592
2019102708,tampabay-buccaneers,8,Jameis Winston,COMPLETE,8.737992856556344,5.446667708114045
2019102708,tampabay-buccaneers,8,Jameis Winston,COMPLETE,23.35340398789689,8.714928080007402
2019102708,tampabay-buccaneers,8,Jameis Winston,COMPLETE,-7.247864196662947,13.007570240619328
2019102708,tampabay-buccaneers,8,Jameis Winston,COMPLETE,11.313507405481351,-4.381366080954715
2019102708,tampabay-buccaneers,8,Jameis Winston,COMPLETE,-9.50833470810104,6.112969382445766
2019102708,tampabay-buccaneers,8,Jameis Winston,COMPLETE,21.817759298043075,9.353251109339354
2019102708,tampabay-buccaneers,8,Jameis Winston,COMPLETE,23.89906127827839,10.548883644407228
2019102708,tampabay-buccaneers,8,Jameis Winston,TOUCHDOWN,23.557606907016005,13.997487376482805
2019102708,tampabay-buccaneers,8,Jameis Winston,TOUCHDOWN,20.59022300681501,6.654320987654312
2019102708,tampabay-buccaneers,8,Jameis Winston,INTERCEPTION,-9.946286374209446,21.283174391956848
2019102708,tampabay-buccaneers,8,Jameis Winston,INTERCEPTION,-4.529228085998429,36.23470568783071
2019102708,tampabay-buccaneers,8,Jameis Winston,INCOMPLETE,4.457339703588147,5.669753086419758
2019102708,tampabay-buccaneers,8,Jameis Winston,INCOMPLETE,24.832489509924994,2.803852703278005
2019102708,tampabay-buccaneers,8,Jameis Winston,INCOMPLETE,-18.27659300627344,11.21092723929604
2019102708,tampabay-buccaneers,8,Jameis Winston,INCOMPLETE,-10.414952950498968,-2.8438453570728743
2019102708,tampabay-buccaneers,8,Jameis Winston,INCOMPLETE,12.500980932570634,-2.989809915735828
2019102708,tampabay-buccaneers,8,Jameis Winston,INCOMPLETE,26.149011610464417,38.459333876000585
2019102708,tampabay-buccaneers,8,Jameis Winston,INCOMPLETE,-13.833713500752417,9.034040361473982
2019102708,tampabay-buccaneers,8,Jameis Winston,INCOMPLETE,-6.372289642044395,8.110771321780506
2019102708,tampabay-buccaneers,8,Jameis Winston,INCOMPLETE,-24.502875811328774,23.333115596490085
2019102708,tampabay-buccaneers,8,Jameis Winston,INCOMPLETE,-11.972105294338352,19.832563123702318
2019102708,tampabay-buccaneers,8,Jameis Winston,INCOMPLETE,-17.254639197332594,-0.3908600477228123
2019102708,tampabay-buccaneers,8,Jameis Winston,INCOMPLETE,10.001833859400893,1.0760428202288428
2019102708,tampabay-buccaneers,8,Jameis Winston,INCOMPLETE,-20.533507715098647,4.268892742282101
2019102708,tampabay-buccaneers,8,Jameis Winston,INCOMPLETE,28.10345184333689,7.4878554410718134
2019102708,tampabay-buccaneers,8,Jameis Winston,INCOMPLETE,11.281953036742161,6.4690141701636
2019102708,tampabay-buccaneers,8,Jameis Winston,INCOMPLETE,21.014095574349287,9.12837649679755
2019102708,tampabay-buccaneers,8,Jameis Winston,INCOMPLETE,-28.143217900809056,27.16726139206756
2019102708,tampabay-buccaneers,8,Jameis Winston,INCOMPLETE,23.248138953144124,4.314069816943385
2019102708,tampabay-buccaneers,8,Jameis Winston,INCOMPLETE,-17.713030003343004,8.877393550012595
2019102708,tampabay-buccaneers,8,Jameis Winston,INCOMPLETE,,
2019102708,tennessee-titans,8,Ryan Tannehill,COMPLETE,12.859766545680568,7.067324176599887
2019102708,tennessee-titans,8,Ryan Tannehill,COMPLETE,-10.588473952949887,3.602770580365442
2019102708,tennessee-titans,8,Ryan Tannehill,COMPLETE,-16.309570560112995,5.107174148034361
2019102708,tennessee-titans,8,Ryan Tannehill,COMPLETE,25.34037599879591,14.02894161988934
2019102708,tennessee-titans,8,Ryan Tannehill,COMPLETE,-2.134599013152309,5.608901738777081
2019102708,tennessee-titans,8,Ryan Tannehill,COMPLETE,11.959651602582225,-4.991585038175273
2019102708,tennessee-titans,8,Ryan Tannehill,COMPLETE,5.146465423823388,5.73075250588808
2019102708,tennessee-titans,8,Ryan Tannehill,COMPLETE,-13.176755931645229,10.480075255560774
2019102708,tennessee-titans,8,Ryan Tannehill,COMPLETE,-0.6731484895759303,16.588403880070757
2019102708,tennessee-titans,8,Ryan Tannehill,COMPLETE,-18.322628788910247,-5.78026348496128
2019102708,tennessee-titans,8,Ryan Tannehill,COMPLETE,20.507625093129967,18.313881792334083
2019102708,tennessee-titans,8,Ryan Tannehill,COMPLETE,-13.794829543315961,-2.014021873271083
2019102708,tennessee-titans,8,Ryan Tannehill,COMPLETE,-19.387876788984933,5.189222226732883
2019102708,tennessee-titans,8,Ryan Tannehill,COMPLETE,-12.348015588577349,3.2988090130947056
2019102708,tennessee-titans,8,Ryan Tannehill,COMPLETE,12.89951663928595,1.1162921795105485
2019102708,tennessee-titans,8,Ryan Tannehill,COMPLETE,-3.402152954970646,6.169581278870879
2019102708,tennessee-titans,8,Ryan Tannehill,COMPLETE,-15.811500093685463,0.8076726484037177
2019102708,tennessee-titans,8,Ryan Tannehill,COMPLETE,-16.34592748160215,2.3822566645428624
2019102708,tennessee-titans,8,Ryan Tannehill,TOUCHDOWN,-7.894157723884714,2.3358808543993734
2019102708,tennessee-titans,8,Ryan Tannehill,TOUCHDOWN,-24.765140310490455,11.63193100184971
2019102708,tennessee-titans,8,Ryan Tannehill,TOUCHDOWN,-21.203131410362804,9.656835153289052
2019102708,tennessee-titans,8,Ryan Tannehill,INCOMPLETE,-10.806050182007324,5.892857142857126
2019102708,tennessee-titans,8,Ryan Tannehill,INCOMPLETE,22.33019861439614,14.87881891107698
2019102708,tennessee-titans,8,Ryan Tannehill,INCOMPLETE,-23.291263255593638,21.76277543366152
2019102708,tennessee-titans,8,Ryan Tannehill,INCOMPLETE,2.1438737110460155,21.814750290360056
2019102708,tennessee-titans,8,Ryan Tannehill,INCOMPLETE,-1.4738509484304652,6.650513441790646
2019102708,tennessee-titans,8,Ryan Tannehill,INCOMPLETE,6.288693278165928,46.921440073614
2019102708,tennessee-titans,8,Ryan Tannehill,INCOMPLETE,25.55810316760503,7.628556092324161
2019102708,tennessee-titans,8,Ryan Tannehill,INCOMPLETE,-24.462112254639543,30.965279422990815
2019102708,tennessee-titans,8,Ryan Tannehill,INCOMPLETE,-25.645594366631848,12.934279124755303
2019102708,tennessee-titans,8,Ryan Tannehill,INCOMPLETE,-24.379824752990203,37.688418577307466
2019102708,tennessee-titans,8,Ryan Tannehill,INCOMPLETE,-3.3525267139717765,5.132749236691842
2019102708,tennessee-titans,8,Ryan Tannehill,INCOMPLETE,23.593733258764328,16.122425210475527
2019102400,washington-redskins,8,Dwayne Haskins,COMPLETE,7.234917770455993,-3.3597316136998967
2019102400,washington-redskins,8,Dwayne Haskins,COMPLETE,-13.947995793807955,1.5152521207122567
2019102400,washington-redskins,8,Dwayne Haskins,COMPLETE,-2.3536055262053757,4.221602866076292
2019102400,washington-redskins,8,Dwayne Haskins,INTERCEPTION,-3.6543554189226404,15.647810976242349
2019102400,washington-redskins,8,Dwayne Haskins,INCOMPLETE,-23.37902351892395,2.6467624086671755
2019102400,washington-redskins,8,Casey Keenum,COMPLETE,-25.720672949366747,10.424830131935131
2019102400,washington-redskins,8,Casey Keenum,COMPLETE,17.63778924318946,6.0331855297579455
2019102400,washington-redskins,8,Casey Keenum,COMPLETE,-0.011292675191866382,13.687904174015172
2019102400,washington-redskins,8,Casey Keenum,COMPLETE,-13.444827885480732,4.570616268571998
2019102400,washington-redskins,8,Casey Keenum,COMPLETE,8.205036208479752,-3.5501635067608652
2019102400,washington-redskins,8,Casey Keenum,COMPLETE,-20.241841100029042,8.093504674419366
2019102400,washington-redskins,8,Casey Keenum,COMPLETE,22.06816605081661,6.3772572975567305
2019102400,washington-redskins,8,Casey Keenum,COMPLETE,-11.001941699151235,12.614942917585614
2019102400,washington-redskins,8,Casey Keenum,COMPLETE,-18.402952244327217,4.488012293292766
2019102400,washington-redskins,8,Casey Keenum,COMPLETE,1.3509556358539434,17.12892671829857
2019102400,washington-redskins,8,Casey Keenum,COMPLETE,-21.32558124841021,5.0825686619439
2019102400,washington-redskins,8,Casey Keenum,COMPLETE,18.79295715797524,6.491317764555991
2019102400,washington-redskins,8,Casey Keenum,INCOMPLETE,7.892415957928678,3.8706832792854273
2019102400,washington-redskins,8,Casey Keenum,INCOMPLETE,-8.413041900399483,-4.432499030607669
2019102400,washington-redskins,8,Casey Keenum,INCOMPLETE,23.054875827465448,28.63518280184959
2019102400,washington-redskins,8,Casey Keenum,INCOMPLETE,-6.9470436817472505,5.4797634251657295
